program_id,institution,country,program_name,field,degree,year,graduates_count,tuition_fee_thb,tuition_fee_usd,core_skills,employed_yr1_pct,employed_yr2_pct,employed_yr3_pct,employed_yr1,employed_yr2,employed_yr3
P0001,Chulalongkorn University,TH,B.Sc. Artificial Intelligence,Artificial Intelligence,Bachelor's,2020,48,172044,4846,Python;Linear Algebra & Calculus;Machine Learning;Deep Learning;Algorithms;Git & Version Control,92.5,95.9,98.5,44,46,47
P0001,Chulalongkorn University,TH,B.Sc. Artificial Intelligence,Artificial Intelligence,Bachelor's,2021,50,172044,4846,Python;Linear Algebra & Calculus;Machine Learning;Deep Learning;Algorithms;Git & Version Control,79.7,85.0,86.6,39,42,43
P0001,Chulalongkorn University,TH,B.Sc. Artificial Intelligence,Artificial Intelligence,Bachelor's,2022,54,172044,4846,Python;Linear Algebra & Calculus;Machine Learning;Deep Learning;Algorithms;Git & Version Control,87.8,93.3,95.4,47,50,51
P0001,Chulalongkorn University,TH,B.Sc. Artificial Intelligence,Artificial Intelligence,Bachelor's,2023,61,172044,4846,Python;Linear Algebra & Calculus;Machine Learning;Deep Learning;Algorithms;Git & Version Control;MLOps,90.9,93.9,97.4,55,57,59
P0001,Chulalongkorn University,TH,B.Sc. Artificial Intelligence,Artificial Intelligence,Bachelor's,2024,59,172044,4846,Python;Linear Algebra & Calculus;Machine Learning;Deep Learning;Algorithms;Git & Version Control;LLMs & GenAI,93.7,98.2,99.9,55,57,58
P0001,Chulalongkorn University,TH,B.Sc. Artificial Intelligence,Artificial Intelligence,Bachelor's,2025,70,172044,4846,Python;Linear Algebra & Calculus;Machine Learning;Deep Learning;Algorithms;Git & Version Control;MLOps,90.8,97.1,99.9,63,67,69
P0002,Chulalongkorn University,TH,M.Sc. Data Science & Big Data,Data Science,Master's,2020,41,363303,10233,Python;SQL;Big Data (Spark/Hadoop);Machine Learning;Cloud (AWS/GCP/Azure);Scikit-Learn,87.9,91.1,93.2,36,37,38
P0002,Chulalongkorn University,TH,M.Sc. Data Science & Big Data,Data Science,Master's,2021,43,363303,10233,Python;SQL;Big Data (Spark/Hadoop);Machine Learning;Cloud (AWS/GCP/Azure);Scikit-Learn,76.0,80.0,81.8,32,34,35
P0002,Chulalongkorn University,TH,M.Sc. Data Science & Big Data,Data Science,Master's,2022,46,363303,10233,Python;SQL;Big Data (Spark/Hadoop);Machine Learning;Cloud (AWS/GCP/Azure);Scikit-Learn,86.6,91.2,93.6,39,41,43
P0002,Chulalongkorn University,TH,M.Sc. Data Science & Big Data,Data Science,Master's,2023,48,363303,10233,Python;SQL;Big Data (Spark/Hadoop);Machine Learning;Cloud (AWS/GCP/Azure);Scikit-Learn;MLOps,79.6,86.8,89.9,38,41,43
P0002,Chulalongkorn University,TH,M.Sc. Data Science & Big Data,Data Science,Master's,2024,57,363303,10233,Python;SQL;Big Data (Spark/Hadoop);Machine Learning;Cloud (AWS/GCP/Azure);Scikit-Learn;MLOps,77.6,82.3,86.3,44,46,49
P0002,Chulalongkorn University,TH,M.Sc. Data Science & Big Data,Data Science,Master's,2025,61,363303,10233,Python;SQL;Big Data (Spark/Hadoop);Machine Learning;Cloud (AWS/GCP/Azure);Scikit-Learn,90.5,97.0,99.1,55,59,60
P0003,Chulalongkorn University,TH,M.Sc. Artificial Intelligence & Robotics,Artificial Intelligence,Master's,2020,31,309419,8716,Python;PyTorch;Deep Learning;Computer Vision;NLP & Computer Vision;MLOps,86.3,92.5,94.5,26,28,29
P0003,Chulalongkorn University,TH,M.Sc. Artificial Intelligence & Robotics,Artificial Intelligence,Master's,2021,33,309419,8716,Python;PyTorch;Deep Learning;Computer Vision;NLP & Computer Vision;MLOps,92.3,98.2,100.0,30,32,33
P0003,Chulalongkorn University,TH,M.Sc. Artificial Intelligence & Robotics,Artificial Intelligence,Master's,2022,34,309419,8716,Python;PyTorch;Deep Learning;Computer Vision;NLP & Computer Vision;MLOps,89.7,95.1,98.5,30,32,33
P0003,Chulalongkorn University,TH,M.Sc. Artificial Intelligence & Robotics,Artificial Intelligence,Master's,2023,38,309419,8716,Python;PyTorch;Deep Learning;Computer Vision;NLP & Computer Vision;MLOps,86.6,91.2,95.2,32,34,36
P0003,Chulalongkorn University,TH,M.Sc. Artificial Intelligence & Robotics,Artificial Intelligence,Master's,2024,41,309419,8716,Python;PyTorch;Deep Learning;Computer Vision;NLP & Computer Vision;MLOps,89.9,96.8,98.7,36,39,40
P0003,Chulalongkorn University,TH,M.Sc. Artificial Intelligence & Robotics,Artificial Intelligence,Master's,2025,46,309419,8716,Python;PyTorch;Deep Learning;Computer Vision;NLP & Computer Vision;MLOps,86.8,91.5,94.5,39,42,43
P0004,Mahidol University,TH,Ph.D. Mathematical Statistics,Statistics,Doctorate,2020,13,449579,12664,Statistics & Probability;Linear Algebra & Calculus;Time Series Analysis;Research & Experimentation,89.1,93.6,95.8,11,12,12
P0004,Mahidol University,TH,Ph.D. Mathematical Statistics,Statistics,Doctorate,2021,13,449579,12664,Statistics & Probability;Linear Algebra & Calculus;Time Series Analysis;Research & Experimentation,74.6,80.8,84.1,9,10,10
P0004,Mahidol University,TH,Ph.D. Mathematical Statistics,Statistics,Doctorate,2022,16,449579,12664,Statistics & Probability;Linear Algebra & Calculus;Time Series Analysis;Research & Experimentation,89.0,94.3,96.1,14,15,15
P0004,Mahidol University,TH,Ph.D. Mathematical Statistics,Statistics,Doctorate,2023,16,449579,12664,Statistics & Probability;Linear Algebra & Calculus;Time Series Analysis;Research & Experimentation,90.5,95.8,97.8,14,15,15
P0004,Mahidol University,TH,Ph.D. Mathematical Statistics,Statistics,Doctorate,2024,16,449579,12664,Statistics & Probability;Linear Algebra & Calculus;Time Series Analysis;Research & Experimentation,77.6,84.9,88.7,12,13,14
P0004,Mahidol University,TH,Ph.D. Mathematical Statistics,Statistics,Doctorate,2025,20,449579,12664,Statistics & Probability;Linear Algebra & Calculus;Time Series Analysis;Research & Experimentation,85.9,91.1,92.9,17,18,18
P0005,Mahidol University,TH,B.Sc. Artificial Intelligence,Artificial Intelligence,Bachelor's,2020,74,178334,5023,Python;Linear Algebra & Calculus;Machine Learning;Deep Learning;Algorithms;Git & Version Control,80.1,85.7,87.4,59,63,64
P0005,Mahidol University,TH,B.Sc. Artificial Intelligence,Artificial Intelligence,Bachelor's,2021,81,178334,5023,Python;Linear Algebra & Calculus;Machine Learning;Deep Learning;Algorithms;Git & Version Control,91.0,98.4,100.0,73,79,81
P0005,Mahidol University,TH,B.Sc. Artificial Intelligence,Artificial Intelligence,Bachelor's,2022,82,178334,5023,Python;Linear Algebra & Calculus;Machine Learning;Deep Learning;Algorithms;Git & Version Control,88.0,95.3,97.2,72,78,79
P0005,Mahidol University,TH,B.Sc. Artificial Intelligence,Artificial Intelligence,Bachelor's,2023,93,178334,5023,Python;Linear Algebra & Calculus;Machine Learning;Deep Learning;Algorithms;Git & Version Control;MLOps;LLMs & GenAI,87.0,94.3,98.1,80,87,91
P0005,Mahidol University,TH,B.Sc. Artificial Intelligence,Artificial Intelligence,Bachelor's,2024,103,178334,5023,Python;Linear Algebra & Calculus;Machine Learning;Deep Learning;Algorithms;Git & Version Control;MLOps,83.1,89.1,91.5,85,91,94
P0005,Mahidol University,TH,B.Sc. Artificial Intelligence,Artificial Intelligence,Bachelor's,2025,98,178334,5023,Python;Linear Algebra & Calculus;Machine Learning;Deep Learning;Algorithms;Git & Version Control;MLOps,76.7,79.8,82.7,75,78,81
P0006,Mahidol University,TH,Ph.D. Data Science & Analytics,Data Science,Doctorate,2020,5,516940,14561,Machine Learning;Research & Experimentation;Statistics & Probability;Big Data (Spark/Hadoop),91.7,98.6,100.0,4,4,5
P0006,Mahidol University,TH,Ph.D. Data Science & Analytics,Data Science,Doctorate,2021,5,516940,14561,Machine Learning;Research & Experimentation;Statistics & Probability;Big Data (Spark/Hadoop),87.2,91.2,93.0,4,4,4
P0006,Mahidol University,TH,Ph.D. Data Science & Analytics,Data Science,Doctorate,2022,6,516940,14561,Machine Learning;Research & Experimentation;Statistics & Probability;Big Data (Spark/Hadoop),85.3,90.4,93.9,5,5,5
P0006,Mahidol University,TH,Ph.D. Data Science & Analytics,Data Science,Doctorate,2023,6,516940,14561,Machine Learning;Research & Experimentation;Statistics & Probability;Big Data (Spark/Hadoop),78.1,81.5,84.1,4,4,5
P0006,Mahidol University,TH,Ph.D. Data Science & Analytics,Data Science,Doctorate,2024,7,516940,14561,Machine Learning;Research & Experimentation;Statistics & Probability;Big Data (Spark/Hadoop),87.3,94.7,96.4,6,6,6
P0006,Mahidol University,TH,Ph.D. Data Science & Analytics,Data Science,Doctorate,2025,7,516940,14561,Machine Learning;Research & Experimentation;Statistics & Probability;Big Data (Spark/Hadoop),79.2,83.1,85.7,5,5,5
P0007,Mahidol University,TH,B.Sc. Applied Statistics,Statistics,Bachelor's,2020,44,153992,4337,Statistics & Probability;Linear Algebra & Calculus;R;SQL;Time Series Analysis;Data Modeling,90.9,96.4,98.0,39,42,43
P0007,Mahidol University,TH,B.Sc. Applied Statistics,Statistics,Bachelor's,2021,49,153992,4337,Statistics & Probability;Linear Algebra & Calculus;R;SQL;Time Series Analysis;Data Modeling,90.4,97.8,100.0,44,47,49
P0007,Mahidol University,TH,B.Sc. Applied Statistics,Statistics,Bachelor's,2022,53,153992,4337,Statistics & Probability;Linear Algebra & Calculus;R;SQL;Time Series Analysis;Data Modeling,77.7,82.9,84.9,41,43,44
P0007,Mahidol University,TH,B.Sc. Applied Statistics,Statistics,Bachelor's,2023,54,153992,4337,Statistics & Probability;Linear Algebra & Calculus;R;SQL;Time Series Analysis;Data Modeling,75.6,80.3,84.3,40,43,45
P0007,Mahidol University,TH,B.Sc. Applied Statistics,Statistics,Bachelor's,2024,56,153992,4337,Statistics & Probability;Linear Algebra & Calculus;R;SQL;Time Series Analysis;Data Modeling,89.4,94.4,97.0,50,52,54
P0007,Mahidol University,TH,B.Sc. Applied Statistics,Statistics,Bachelor's,2025,69,153992,4337,Statistics & Probability;Linear Algebra & Calculus;R;SQL;Time Series Analysis;Data Modeling,93.4,98.9,100.0,64,68,69
P0008,Mahidol University,TH,M.Sc. Biostatistics & Data Analytics,Statistics,Master's,2020,36,262835,7403,R;Statistics & Probability;Python;Data Modeling;Time Series Analysis;Research & Experimentation,75.6,81.9,83.6,27,29,30
P0008,Mahidol University,TH,M.Sc. Biostatistics & Data Analytics,Statistics,Master's,2021,38,262835,7403,R;Statistics & Probability;Python;Data Modeling;Time Series Analysis;Research & Experimentation,75.5,80.6,84.4,28,30,32
P0008,Mahidol University,TH,M.Sc. Biostatistics & Data Analytics,Statistics,Master's,2022,42,262835,7403,R;Statistics & Probability;Python;Data Modeling;Time Series Analysis;Research & Experimentation,75.6,80.9,84.5,31,33,35
P0008,Mahidol University,TH,M.Sc. Biostatistics & Data Analytics,Statistics,Master's,2023,41,262835,7403,R;Statistics & Probability;Python;Data Modeling;Time Series Analysis;Research & Experimentation,75.8,82.7,85.2,31,33,34
P0008,Mahidol University,TH,M.Sc. Biostatistics & Data Analytics,Statistics,Master's,2024,52,262835,7403,R;Statistics & Probability;Python;Data Modeling;Time Series Analysis;Research & Experimentation,85.3,90.9,92.5,44,47,48
P0008,Mahidol University,TH,M.Sc. Biostatistics & Data Analytics,Statistics,Master's,2025,46,262835,7403,R;Statistics & Probability;Python;Data Modeling;Time Series Analysis;Research & Experimentation,87.0,92.5,94.8,40,42,43
P0009,Kasetsart University,TH,B.Sc. Data Science & Business Analytics,Data Science,Bachelor's,2020,73,205198,5780,Python;SQL;Statistics & Probability;Machine Learning;Data Visualization (Tableau/Power BI);Data Modeling,92.2,99.4,100.0,67,72,73
P0009,Kasetsart University,TH,B.Sc. Data Science & Business Analytics,Data Science,Bachelor's,2021,79,205198,5780,Python;SQL;Statistics & Probability;Machine Learning;Data Visualization (Tableau/Power BI);Data Modeling,85.2,88.6,91.4,67,69,72
P0009,Kasetsart University,TH,B.Sc. Data Science & Business Analytics,Data Science,Bachelor's,2022,85,205198,5780,Python;SQL;Statistics & Probability;Machine Learning;Data Visualization (Tableau/Power BI);Data Modeling,77.0,81.6,83.3,65,69,70
P0009,Kasetsart University,TH,B.Sc. Data Science & Business Analytics,Data Science,Bachelor's,2023,87,205198,5780,Python;SQL;Statistics & Probability;Machine Learning;Data Visualization (Tableau/Power BI);Data Modeling;LLMs & GenAI,79.9,84.9,87.8,69,73,76
P0009,Kasetsart University,TH,B.Sc. Data Science & Business Analytics,Data Science,Bachelor's,2024,104,205198,5780,Python;SQL;Statistics & Probability;Machine Learning;Data Visualization (Tableau/Power BI);Data Modeling;MLOps,84.5,90.5,93.4,87,94,97
P0009,Kasetsart University,TH,B.Sc. Data Science & Business Analytics,Data Science,Bachelor's,2025,113,205198,5780,Python;SQL;Statistics & Probability;Machine Learning;Data Visualization (Tableau/Power BI);Data Modeling,79.5,86.5,89.9,89,97,101
P0010,Kasetsart University,TH,Ph.D. Data Science & Analytics,Data Science,Doctorate,2020,10,457275,12880,Machine Learning;Research & Experimentation;Statistics & Probability;Big Data (Spark/Hadoop),86.6,90.8,93.5,8,9,9
P0010,Kasetsart University,TH,Ph.D. Data Science & Analytics,Data Science,Doctorate,2021,11,457275,12880,Machine Learning;Research & Experimentation;Statistics & Probability;Big Data (Spark/Hadoop),90.6,94.0,96.6,9,10,10
P0010,Kasetsart University,TH,Ph.D. Data Science & Analytics,Data Science,Doctorate,2022,11,457275,12880,Machine Learning;Research & Experimentation;Statistics & Probability;Big Data (Spark/Hadoop),74.6,81.1,84.2,8,8,9
P0010,Kasetsart University,TH,Ph.D. Data Science & Analytics,Data Science,Doctorate,2023,12,457275,12880,Machine Learning;Research & Experimentation;Statistics & Probability;Big Data (Spark/Hadoop),88.6,94.1,96.7,10,11,11
P0010,Kasetsart University,TH,Ph.D. Data Science & Analytics,Data Science,Doctorate,2024,14,457275,12880,Machine Learning;Research & Experimentation;Statistics & Probability;Big Data (Spark/Hadoop);MLOps,91.7,97.2,100.0,12,13,14
P0010,Kasetsart University,TH,Ph.D. Data Science & Analytics,Data Science,Doctorate,2025,12,457275,12880,Machine Learning;Research & Experimentation;Statistics & Probability;Big Data (Spark/Hadoop);MLOps;LLMs & GenAI,80.4,87.4,90.9,9,10,10
P0011,Kasetsart University,TH,M.Sc. Artificial Intelligence & Robotics,Artificial Intelligence,Master's,2020,33,304806,8586,Python;PyTorch;Deep Learning;Computer Vision;NLP & Computer Vision;MLOps,82.2,87.7,91.4,27,28,30
P0011,Kasetsart University,TH,M.Sc. Artificial Intelligence & Robotics,Artificial Intelligence,Master's,2021,36,304806,8586,Python;PyTorch;Deep Learning;Computer Vision;NLP & Computer Vision;MLOps,89.7,96.9,99.0,32,34,35
P0011,Kasetsart University,TH,M.Sc. Artificial Intelligence & Robotics,Artificial Intelligence,Master's,2022,37,304806,8586,Python;PyTorch;Deep Learning;Computer Vision;NLP & Computer Vision;MLOps,90.7,94.5,97.0,33,34,35
P0011,Kasetsart University,TH,M.Sc. Artificial Intelligence & Robotics,Artificial Intelligence,Master's,2023,39,304806,8586,Python;PyTorch;Deep Learning;Computer Vision;NLP & Computer Vision;MLOps;LLMs & GenAI,93.1,99.6,100.0,36,38,39
P0011,Kasetsart University,TH,M.Sc. Artificial Intelligence & Robotics,Artificial Intelligence,Master's,2024,46,304806,8586,Python;PyTorch;Deep Learning;Computer Vision;NLP & Computer Vision;MLOps,80.2,83.9,87.2,36,38,40
P0011,Kasetsart University,TH,M.Sc. Artificial Intelligence & Robotics,Artificial Intelligence,Master's,2025,41,304806,8586,Python;PyTorch;Deep Learning;Computer Vision;NLP & Computer Vision;MLOps,84.4,88.3,92.1,34,36,37
P0012,Kasetsart University,TH,Ph.D. Artificial Intelligence,Artificial Intelligence,Doctorate,2020,8,497310,14008,Deep Learning;LLMs & GenAI;Research & Experimentation;PyTorch;Linear Algebra & Calculus,88.0,92.8,95.0,7,7,7
P0012,Kasetsart University,TH,Ph.D. Artificial Intelligence,Artificial Intelligence,Doctorate,2021,8,497310,14008,Deep Learning;LLMs & GenAI;Research & Experimentation;PyTorch;Linear Algebra & Calculus,90.2,94.8,97.6,7,7,7
P0012,Kasetsart University,TH,Ph.D. Artificial Intelligence,Artificial Intelligence,Doctorate,2022,9,497310,14008,Deep Learning;LLMs & GenAI;Research & Experimentation;PyTorch;Linear Algebra & Calculus,91.5,96.0,97.6,8,8,8
P0012,Kasetsart University,TH,Ph.D. Artificial Intelligence,Artificial Intelligence,Doctorate,2023,10,497310,14008,Deep Learning;LLMs & GenAI;Research & Experimentation;PyTorch;Linear Algebra & Calculus,80.5,86.1,90.1,8,8,9
P0012,Kasetsart University,TH,Ph.D. Artificial Intelligence,Artificial Intelligence,Doctorate,2024,10,497310,14008,Deep Learning;LLMs & GenAI;Research & Experimentation;PyTorch;Linear Algebra & Calculus;MLOps,82.1,88.6,91.2,8,8,9
P0012,Kasetsart University,TH,Ph.D. Artificial Intelligence,Artificial Intelligence,Doctorate,2025,10,497310,14008,Deep Learning;LLMs & GenAI;Research & Experimentation;PyTorch;Linear Algebra & Calculus,92.6,96.5,98.1,9,9,9
P0013,Kasetsart University,TH,Ph.D. Mathematical Statistics,Statistics,Doctorate,2020,13,432591,12185,Statistics & Probability;Linear Algebra & Calculus;Time Series Analysis;Research & Experimentation,92.4,98.7,100.0,12,12,13
P0013,Kasetsart University,TH,Ph.D. Mathematical Statistics,Statistics,Doctorate,2021,14,432591,12185,Statistics & Probability;Linear Algebra & Calculus;Time Series Analysis;Research & Experimentation,92.5,99.6,100.0,12,13,14
P0013,Kasetsart University,TH,Ph.D. Mathematical Statistics,Statistics,Doctorate,2022,15,432591,12185,Statistics & Probability;Linear Algebra & Calculus;Time Series Analysis;Research & Experimentation,76.9,84.0,86.8,11,12,13
P0013,Kasetsart University,TH,Ph.D. Mathematical Statistics,Statistics,Doctorate,2023,16,432591,12185,Statistics & Probability;Linear Algebra & Calculus;Time Series Analysis;Research & Experimentation,80.7,86.8,89.7,12,13,14
P0013,Kasetsart University,TH,Ph.D. Mathematical Statistics,Statistics,Doctorate,2024,16,432591,12185,Statistics & Probability;Linear Algebra & Calculus;Time Series Analysis;Research & Experimentation,87.1,91.8,95.2,13,14,15
P0013,Kasetsart University,TH,Ph.D. Mathematical Statistics,Statistics,Doctorate,2025,17,432591,12185,Statistics & Probability;Linear Algebra & Calculus;Time Series Analysis;Research & Experimentation,85.3,90.1,93.7,14,15,15
P0014,King Mongkut's Institute of Technology Ladkrabang,TH,M.Sc. Data Science & Big Data,Data Science,Master's,2020,47,372286,10486,Python;SQL;Big Data (Spark/Hadoop);Machine Learning;Cloud (AWS/GCP/Azure);Scikit-Learn,87.3,92.6,96.1,41,43,45
P0014,King Mongkut's Institute of Technology Ladkrabang,TH,M.Sc. Data Science & Big Data,Data Science,Master's,2021,52,372286,10486,Python;SQL;Big Data (Spark/Hadoop);Machine Learning;Cloud (AWS/GCP/Azure);Scikit-Learn,88.5,94.5,96.7,46,49,50
P0014,King Mongkut's Institute of Technology Ladkrabang,TH,M.Sc. Data Science & Big Data,Data Science,Master's,2022,56,372286,10486,Python;SQL;Big Data (Spark/Hadoop);Machine Learning;Cloud (AWS/GCP/Azure);Scikit-Learn,86.3,89.7,93.6,48,50,52
P0014,King Mongkut's Institute of Technology Ladkrabang,TH,M.Sc. Data Science & Big Data,Data Science,Master's,2023,56,372286,10486,Python;SQL;Big Data (Spark/Hadoop);Machine Learning;Cloud (AWS/GCP/Azure);Scikit-Learn;LLMs & GenAI,80.4,87.0,88.9,45,48,49
P0014,King Mongkut's Institute of Technology Ladkrabang,TH,M.Sc. Data Science & Big Data,Data Science,Master's,2024,64,372286,10486,Python;SQL;Big Data (Spark/Hadoop);Machine Learning;Cloud (AWS/GCP/Azure);Scikit-Learn;MLOps;LLMs & GenAI,89.1,94.1,97.8,57,60,62
P0014,King Mongkut's Institute of Technology Ladkrabang,TH,M.Sc. Data Science & Big Data,Data Science,Master's,2025,65,372286,10486,Python;SQL;Big Data (Spark/Hadoop);Machine Learning;Cloud (AWS/GCP/Azure);Scikit-Learn;MLOps;LLMs & GenAI,82.1,85.8,89.0,53,55,57
P0015,King Mongkut's Institute of Technology Ladkrabang,TH,B.Sc. Data Science & Business Analytics,Data Science,Bachelor's,2020,89,246700,6949,Python;SQL;Statistics & Probability;Machine Learning;Data Visualization (Tableau/Power BI);Data Modeling,89.8,95.9,98.6,79,85,87
P0015,King Mongkut's Institute of Technology Ladkrabang,TH,B.Sc. Data Science & Business Analytics,Data Science,Bachelor's,2021,96,246700,6949,Python;SQL;Statistics & Probability;Machine Learning;Data Visualization (Tableau/Power BI);Data Modeling,91.9,95.4,97.2,88,91,93
P0015,King Mongkut's Institute of Technology Ladkrabang,TH,B.Sc. Data Science & Business Analytics,Data Science,Bachelor's,2022,103,246700,6949,Python;SQL;Statistics & Probability;Machine Learning;Data Visualization (Tableau/Power BI);Data Modeling,84.6,90.1,92.4,87,92,95
P0015,King Mongkut's Institute of Technology Ladkrabang,TH,B.Sc. Data Science & Business Analytics,Data Science,Bachelor's,2023,116,246700,6949,Python;SQL;Statistics & Probability;Machine Learning;Data Visualization (Tableau/Power BI);Data Modeling;LLMs & GenAI,82.9,89.6,93.3,96,103,108
P0015,King Mongkut's Institute of Technology Ladkrabang,TH,B.Sc. Data Science & Business Analytics,Data Science,Bachelor's,2024,117,246700,6949,Python;SQL;Statistics & Probability;Machine Learning;Data Visualization (Tableau/Power BI);Data Modeling;MLOps;LLMs & GenAI,77.5,84.4,87.0,90,98,101
P0015,King Mongkut's Institute of Technology Ladkrabang,TH,B.Sc. Data Science & Business Analytics,Data Science,Bachelor's,2025,119,246700,6949,Python;SQL;Statistics & Probability;Machine Learning;Data Visualization (Tableau/Power BI);Data Modeling;LLMs & GenAI,89.3,94.5,96.6,106,112,114
P0016,King Mongkut's Institute of Technology Ladkrabang,TH,M.Sc. Biostatistics & Data Analytics,Statistics,Master's,2020,39,268414,7560,R;Statistics & Probability;Python;Data Modeling;Time Series Analysis;Research & Experimentation,84.8,88.4,90.5,33,34,35
P0016,King Mongkut's Institute of Technology Ladkrabang,TH,M.Sc. Biostatistics & Data Analytics,Statistics,Master's,2021,42,268414,7560,R;Statistics & Probability;Python;Data Modeling;Time Series Analysis;Research & Experimentation,87.9,91.2,93.7,36,38,39
P0016,King Mongkut's Institute of Technology Ladkrabang,TH,M.Sc. Biostatistics & Data Analytics,Statistics,Master's,2022,45,268414,7560,R;Statistics & Probability;Python;Data Modeling;Time Series Analysis;Research & Experimentation,82.4,86.3,88.9,37,38,40
P0016,King Mongkut's Institute of Technology Ladkrabang,TH,M.Sc. Biostatistics & Data Analytics,Statistics,Master's,2023,52,268414,7560,R;Statistics & Probability;Python;Data Modeling;Time Series Analysis;Research & Experimentation,85.6,91.7,95.3,44,47,49
P0016,King Mongkut's Institute of Technology Ladkrabang,TH,M.Sc. Biostatistics & Data Analytics,Statistics,Master's,2024,55,268414,7560,R;Statistics & Probability;Python;Data Modeling;Time Series Analysis;Research & Experimentation,81.7,84.7,87.1,44,46,47
P0016,King Mongkut's Institute of Technology Ladkrabang,TH,M.Sc. Biostatistics & Data Analytics,Statistics,Master's,2025,59,268414,7560,R;Statistics & Probability;Python;Data Modeling;Time Series Analysis;Research & Experimentation,90.7,98.0,100.0,53,57,59
P0017,King Mongkut's Institute of Technology Ladkrabang,TH,Ph.D. Mathematical Statistics,Statistics,Doctorate,2020,13,456489,12858,Statistics & Probability;Linear Algebra & Calculus;Time Series Analysis;Research & Experimentation,91.6,96.8,99.0,11,12,12
P0017,King Mongkut's Institute of Technology Ladkrabang,TH,Ph.D. Mathematical Statistics,Statistics,Doctorate,2021,14,456489,12858,Statistics & Probability;Linear Algebra & Calculus;Time Series Analysis;Research & Experimentation,81.9,87.9,91.4,11,12,12
P0017,King Mongkut's Institute of Technology Ladkrabang,TH,Ph.D. Mathematical Statistics,Statistics,Doctorate,2022,15,456489,12858,Statistics & Probability;Linear Algebra & Calculus;Time Series Analysis;Research & Experimentation,90.5,97.6,100.0,13,14,15
P0017,King Mongkut's Institute of Technology Ladkrabang,TH,Ph.D. Mathematical Statistics,Statistics,Doctorate,2023,16,456489,12858,Statistics & Probability;Linear Algebra & Calculus;Time Series Analysis;Research & Experimentation,91.7,97.4,100.0,14,15,16
P0017,King Mongkut's Institute of Technology Ladkrabang,TH,Ph.D. Mathematical Statistics,Statistics,Doctorate,2024,15,456489,12858,Statistics & Probability;Linear Algebra & Calculus;Time Series Analysis;Research & Experimentation,82.6,89.5,91.5,12,13,13
P0017,King Mongkut's Institute of Technology Ladkrabang,TH,Ph.D. Mathematical Statistics,Statistics,Doctorate,2025,17,456489,12858,Statistics & Probability;Linear Algebra & Calculus;Time Series Analysis;Research & Experimentation,80.7,85.7,88.0,13,14,14
P0018,King Mongkut's Institute of Technology Ladkrabang,TH,Ph.D. Data Science & Analytics,Data Science,Doctorate,2020,9,537556,15142,Machine Learning;Research & Experimentation;Statistics & Probability;Big Data (Spark/Hadoop),90.3,94.4,96.1,8,8,8
P0018,King Mongkut's Institute of Technology Ladkrabang,TH,Ph.D. Data Science & Analytics,Data Science,Doctorate,2021,9,537556,15142,Machine Learning;Research & Experimentation;Statistics & Probability;Big Data (Spark/Hadoop),84.7,92.2,94.6,7,8,8
P0018,King Mongkut's Institute of Technology Ladkrabang,TH,Ph.D. Data Science & Analytics,Data Science,Doctorate,2022,10,537556,15142,Machine Learning;Research & Experimentation;Statistics & Probability;Big Data (Spark/Hadoop),89.3,95.2,98.6,8,9,9
P0018,King Mongkut's Institute of Technology Ladkrabang,TH,Ph.D. Data Science & Analytics,Data Science,Doctorate,2023,12,537556,15142,Machine Learning;Research & Experimentation;Statistics & Probability;Big Data (Spark/Hadoop);LLMs & GenAI,78.3,81.4,83.3,9,9,9
P0018,King Mongkut's Institute of Technology Ladkrabang,TH,Ph.D. Data Science & Analytics,Data Science,Doctorate,2024,12,537556,15142,Machine Learning;Research & Experimentation;Statistics & Probability;Big Data (Spark/Hadoop),78.6,84.7,88.1,9,10,10
P0018,King Mongkut's Institute of Technology Ladkrabang,TH,Ph.D. Data Science & Analytics,Data Science,Doctorate,2025,13,537556,15142,Machine Learning;Research & Experimentation;Statistics & Probability;Big Data (Spark/Hadoop),76.7,83.4,87.3,9,10,11
P0019,King Mongkut's University of Technology Thonburi,TH,B.Sc. Applied Statistics,Statistics,Bachelor's,2020,66,167683,4723,Statistics & Probability;Linear Algebra & Calculus;R;SQL;Time Series Analysis;Data Modeling,89.2,96.0,99.0,58,63,65
P0019,King Mongkut's University of Technology Thonburi,TH,B.Sc. Applied Statistics,Statistics,Bachelor's,2021,69,167683,4723,Statistics & Probability;Linear Algebra & Calculus;R;SQL;Time Series Analysis;Data Modeling,93.2,99.7,100.0,64,68,69
P0019,King Mongkut's University of Technology Thonburi,TH,B.Sc. Applied Statistics,Statistics,Bachelor's,2022,76,167683,4723,Statistics & Probability;Linear Algebra & Calculus;R;SQL;Time Series Analysis;Data Modeling,81.5,86.8,89.2,61,65,67
P0019,King Mongkut's University of Technology Thonburi,TH,B.Sc. Applied Statistics,Statistics,Bachelor's,2023,87,167683,4723,Statistics & Probability;Linear Algebra & Calculus;R;SQL;Time Series Analysis;Data Modeling,90.1,93.6,97.5,78,81,84
P0019,King Mongkut's University of Technology Thonburi,TH,B.Sc. Applied Statistics,Statistics,Bachelor's,2024,90,167683,4723,Statistics & Probability;Linear Algebra & Calculus;R;SQL;Time Series Analysis;Data Modeling,90.2,96.4,99.0,81,86,89
P0019,King Mongkut's University of Technology Thonburi,TH,B.Sc. Applied Statistics,Statistics,Bachelor's,2025,99,167683,4723,Statistics & Probability;Linear Algebra & Calculus;R;SQL;Time Series Analysis;Data Modeling,92.8,97.0,100.0,91,96,99
P0020,King Mongkut's University of Technology Thonburi,TH,Ph.D. Mathematical Statistics,Statistics,Doctorate,2020,12,434508,12239,Statistics & Probability;Linear Algebra & Calculus;Time Series Analysis;Research & Experimentation,90.2,95.9,98.2,10,11,11
P0020,King Mongkut's University of Technology Thonburi,TH,Ph.D. Mathematical Statistics,Statistics,Doctorate,2021,12,434508,12239,Statistics & Probability;Linear Algebra & Calculus;Time Series Analysis;Research & Experimentation,92.3,96.6,99.2,11,11,11
P0020,King Mongkut's University of Technology Thonburi,TH,Ph.D. Mathematical Statistics,Statistics,Doctorate,2022,14,434508,12239,Statistics & Probability;Linear Algebra & Calculus;Time Series Analysis;Research & Experimentation,85.3,91.3,93.6,11,12,13
P0020,King Mongkut's University of Technology Thonburi,TH,Ph.D. Mathematical Statistics,Statistics,Doctorate,2023,15,434508,12239,Statistics & Probability;Linear Algebra & Calculus;Time Series Analysis;Research & Experimentation,80.7,85.9,88.3,12,12,13
P0020,King Mongkut's University of Technology Thonburi,TH,Ph.D. Mathematical Statistics,Statistics,Doctorate,2024,15,434508,12239,Statistics & Probability;Linear Algebra & Calculus;Time Series Analysis;Research & Experimentation,79.8,85.5,89.2,11,12,13
P0020,King Mongkut's University of Technology Thonburi,TH,Ph.D. Mathematical Statistics,Statistics,Doctorate,2025,17,434508,12239,Statistics & Probability;Linear Algebra & Calculus;Time Series Analysis;Research & Experimentation,84.3,88.2,90.3,14,14,15
P0021,King Mongkut's University of Technology Thonburi,TH,Ph.D. Data Science & Analytics,Data Science,Doctorate,2020,13,480771,13542,Machine Learning;Research & Experimentation;Statistics & Probability;Big Data (Spark/Hadoop),87.6,93.5,96.2,11,12,12
P0021,King Mongkut's University of Technology Thonburi,TH,Ph.D. Data Science & Analytics,Data Science,Doctorate,2021,14,480771,13542,Machine Learning;Research & Experimentation;Statistics & Probability;Big Data (Spark/Hadoop),76.3,80.3,83.5,10,11,11
P0021,King Mongkut's University of Technology Thonburi,TH,Ph.D. Data Science & Analytics,Data Science,Doctorate,2022,14,480771,13542,Machine Learning;Research & Experimentation;Statistics & Probability;Big Data (Spark/Hadoop),85.5,90.6,93.4,11,12,13
P0021,King Mongkut's University of Technology Thonburi,TH,Ph.D. Data Science & Analytics,Data Science,Doctorate,2023,16,480771,13542,Machine Learning;Research & Experimentation;Statistics & Probability;Big Data (Spark/Hadoop),88.7,93.2,96.5,14,14,15
P0021,King Mongkut's University of Technology Thonburi,TH,Ph.D. Data Science & Analytics,Data Science,Doctorate,2024,16,480771,13542,Machine Learning;Research & Experimentation;Statistics & Probability;Big Data (Spark/Hadoop);MLOps,78.2,81.7,84.5,12,13,13
P0021,King Mongkut's University of Technology Thonburi,TH,Ph.D. Data Science & Analytics,Data Science,Doctorate,2025,17,480771,13542,Machine Learning;Research & Experimentation;Statistics & Probability;Big Data (Spark/Hadoop);MLOps,83.7,90.0,93.9,14,15,15
P0022,King Mongkut's University of Technology Thonburi,TH,M.Sc. Artificial Intelligence & Robotics,Artificial Intelligence,Master's,2020,30,296042,8339,Python;PyTorch;Deep Learning;Computer Vision;NLP & Computer Vision;MLOps,82.4,86.8,90.1,24,26,27
P0022,King Mongkut's University of Technology Thonburi,TH,M.Sc. Artificial Intelligence & Robotics,Artificial Intelligence,Master's,2021,31,296042,8339,Python;PyTorch;Deep Learning;Computer Vision;NLP & Computer Vision;MLOps,76.4,79.6,81.8,23,24,25
P0022,King Mongkut's University of Technology Thonburi,TH,M.Sc. Artificial Intelligence & Robotics,Artificial Intelligence,Master's,2022,36,296042,8339,Python;PyTorch;Deep Learning;Computer Vision;NLP & Computer Vision;MLOps,87.6,94.0,95.8,31,33,34
P0022,King Mongkut's University of Technology Thonburi,TH,M.Sc. Artificial Intelligence & Robotics,Artificial Intelligence,Master's,2023,34,296042,8339,Python;PyTorch;Deep Learning;Computer Vision;NLP & Computer Vision;MLOps;LLMs & GenAI,80.9,86.1,88.5,27,29,30
P0022,King Mongkut's University of Technology Thonburi,TH,M.Sc. Artificial Intelligence & Robotics,Artificial Intelligence,Master's,2024,38,296042,8339,Python;PyTorch;Deep Learning;Computer Vision;NLP & Computer Vision;MLOps,91.9,95.4,97.1,34,36,36
P0022,King Mongkut's University of Technology Thonburi,TH,M.Sc. Artificial Intelligence & Robotics,Artificial Intelligence,Master's,2025,43,296042,8339,Python;PyTorch;Deep Learning;Computer Vision;NLP & Computer Vision;MLOps;LLMs & GenAI,88.5,92.2,95.7,38,39,41
P0023,King Mongkut's University of Technology Thonburi,TH,B.Sc. Artificial Intelligence,Artificial Intelligence,Bachelor's,2020,66,165833,4671,Python;Linear Algebra & Calculus;Machine Learning;Deep Learning;Algorithms;Git & Version Control,90.0,95.7,99.2,59,63,65
P0023,King Mongkut's University of Technology Thonburi,TH,B.Sc. Artificial Intelligence,Artificial Intelligence,Bachelor's,2021,70,165833,4671,Python;Linear Algebra & Calculus;Machine Learning;Deep Learning;Algorithms;Git & Version Control,85.4,90.4,93.0,59,63,65
P0023,King Mongkut's University of Technology Thonburi,TH,B.Sc. Artificial Intelligence,Artificial Intelligence,Bachelor's,2022,80,165833,4671,Python;Linear Algebra & Calculus;Machine Learning;Deep Learning;Algorithms;Git & Version Control,94.3,98.7,100.0,75,78,80
P0023,King Mongkut's University of Technology Thonburi,TH,B.Sc. Artificial Intelligence,Artificial Intelligence,Bachelor's,2023,84,165833,4671,Python;Linear Algebra & Calculus;Machine Learning;Deep Learning;Algorithms;Git & Version Control;LLMs & GenAI,89.6,96.9,98.9,75,81,83
P0023,King Mongkut's University of Technology Thonburi,TH,B.Sc. Artificial Intelligence,Artificial Intelligence,Bachelor's,2024,82,165833,4671,Python;Linear Algebra & Calculus;Machine Learning;Deep Learning;Algorithms;Git & Version Control;MLOps,78.8,82.1,83.6,64,67,68
P0023,King Mongkut's University of Technology Thonburi,TH,B.Sc. Artificial Intelligence,Artificial Intelligence,Bachelor's,2025,89,165833,4671,Python;Linear Algebra & Calculus;Machine Learning;Deep Learning;Algorithms;Git & Version Control;MLOps;LLMs & GenAI,79.9,86.1,89.4,71,76,79
P0024,Thammasat University,TH,B.Sc. Data Science & Business Analytics,Data Science,Bachelor's,2020,69,233619,6580,Python;SQL;Statistics & Probability;Machine Learning;Data Visualization (Tableau/Power BI);Data Modeling,75.9,79.6,81.9,52,54,56
P0024,Thammasat University,TH,B.Sc. Data Science & Business Analytics,Data Science,Bachelor's,2021,76,233619,6580,Python;SQL;Statistics & Probability;Machine Learning;Data Visualization (Tableau/Power BI);Data Modeling,85.3,89.6,91.4,64,68,69
P0024,Thammasat University,TH,B.Sc. Data Science & Business Analytics,Data Science,Bachelor's,2022,82,233619,6580,Python;SQL;Statistics & Probability;Machine Learning;Data Visualization (Tableau/Power BI);Data Modeling,87.8,95.0,97.8,71,77,80
P0024,Thammasat University,TH,B.Sc. Data Science & Business Analytics,Data Science,Bachelor's,2023,86,233619,6580,Python;SQL;Statistics & Probability;Machine Learning;Data Visualization (Tableau/Power BI);Data Modeling,76.0,79.2,81.8,65,68,70
P0024,Thammasat University,TH,B.Sc. Data Science & Business Analytics,Data Science,Bachelor's,2024,84,233619,6580,Python;SQL;Statistics & Probability;Machine Learning;Data Visualization (Tableau/Power BI);Data Modeling;MLOps;LLMs & GenAI,92.8,99.6,100.0,77,83,84
P0024,Thammasat University,TH,B.Sc. Data Science & Business Analytics,Data Science,Bachelor's,2025,102,233619,6580,Python;SQL;Statistics & Probability;Machine Learning;Data Visualization (Tableau/Power BI);Data Modeling;MLOps;LLMs & GenAI,79.6,82.8,86.2,81,84,87
P0025,Thammasat University,TH,B.Sc. Applied Statistics,Statistics,Bachelor's,2020,58,180642,5088,Statistics & Probability;Linear Algebra & Calculus;R;SQL;Time Series Analysis;Data Modeling,82.8,89.5,93.4,48,51,54
P0025,Thammasat University,TH,B.Sc. Applied Statistics,Statistics,Bachelor's,2021,62,180642,5088,Statistics & Probability;Linear Algebra & Calculus;R;SQL;Time Series Analysis;Data Modeling,82.3,86.7,88.5,51,53,54
P0025,Thammasat University,TH,B.Sc. Applied Statistics,Statistics,Bachelor's,2022,65,180642,5088,Statistics & Probability;Linear Algebra & Calculus;R;SQL;Time Series Analysis;Data Modeling,82.3,87.5,90.7,53,56,58
P0025,Thammasat University,TH,B.Sc. Applied Statistics,Statistics,Bachelor's,2023,71,180642,5088,Statistics & Probability;Linear Algebra & Calculus;R;SQL;Time Series Analysis;Data Modeling,88.9,92.1,93.8,63,65,66
P0025,Thammasat University,TH,B.Sc. Applied Statistics,Statistics,Bachelor's,2024,73,180642,5088,Statistics & Probability;Linear Algebra & Calculus;R;SQL;Time Series Analysis;Data Modeling,76.7,83.2,86.9,55,60,63
P0025,Thammasat University,TH,B.Sc. Applied Statistics,Statistics,Bachelor's,2025,89,180642,5088,Statistics & Probability;Linear Algebra & Calculus;R;SQL;Time Series Analysis;Data Modeling,74.5,81.4,84.1,66,72,74
P0026,Thammasat University,TH,B.Sc. Artificial Intelligence,Artificial Intelligence,Bachelor's,2020,101,164439,4632,Python;Linear Algebra & Calculus;Machine Learning;Deep Learning;Algorithms;Git & Version Control,89.9,95.7,99.1,90,96,100
P0026,Thammasat University,TH,B.Sc. Artificial Intelligence,Artificial Intelligence,Bachelor's,2021,107,164439,4632,Python;Linear Algebra & Calculus;Machine Learning;Deep Learning;Algorithms;Git & Version Control,85.9,93.1,95.7,91,99,102
P0026,Thammasat University,TH,B.Sc. Artificial Intelligence,Artificial Intelligence,Bachelor's,2022,120,164439,4632,Python;Linear Algebra & Calculus;Machine Learning;Deep Learning;Algorithms;Git & Version Control,77.8,85.2,88.2,93,102,105
P0026,Thammasat University,TH,B.Sc. Artificial Intelligence,Artificial Intelligence,Bachelor's,2023,121,164439,4632,Python;Linear Algebra & Calculus;Machine Learning;Deep Learning;Algorithms;Git & Version Control;LLMs & GenAI,78.5,84.0,86.9,94,101,105
P0026,Thammasat University,TH,B.Sc. Artificial Intelligence,Artificial Intelligence,Bachelor's,2024,147,164439,4632,Python;Linear Algebra & Calculus;Machine Learning;Deep Learning;Algorithms;Git & Version Control;MLOps;LLMs & GenAI,84.3,87.8,91.4,123,129,134
P0026,Thammasat University,TH,B.Sc. Artificial Intelligence,Artificial Intelligence,Bachelor's,2025,144,164439,4632,Python;Linear Algebra & Calculus;Machine Learning;Deep Learning;Algorithms;Git & Version Control,80.7,87.5,91.5,116,126,131
P0027,Thammasat University,TH,M.Sc. Data Science & Big Data,Data Science,Master's,2020,50,348563,9818,Python;SQL;Big Data (Spark/Hadoop);Machine Learning;Cloud (AWS/GCP/Azure);Scikit-Learn,77.1,80.4,83.8,38,40,41
P0027,Thammasat University,TH,M.Sc. Data Science & Big Data,Data Science,Master's,2021,55,348563,9818,Python;SQL;Big Data (Spark/Hadoop);Machine Learning;Cloud (AWS/GCP/Azure);Scikit-Learn,81.0,87.5,89.7,44,48,49
P0027,Thammasat University,TH,M.Sc. Data Science & Big Data,Data Science,Master's,2022,55,348563,9818,Python;SQL;Big Data (Spark/Hadoop);Machine Learning;Cloud (AWS/GCP/Azure);Scikit-Learn,88.3,95.1,98.0,48,52,53
P0027,Thammasat University,TH,M.Sc. Data Science & Big Data,Data Science,Master's,2023,64,348563,9818,Python;SQL;Big Data (Spark/Hadoop);Machine Learning;Cloud (AWS/GCP/Azure);Scikit-Learn;LLMs & GenAI,90.9,95.9,98.6,58,61,63
P0027,Thammasat University,TH,M.Sc. Data Science & Big Data,Data Science,Master's,2024,65,348563,9818,Python;SQL;Big Data (Spark/Hadoop);Machine Learning;Cloud (AWS/GCP/Azure);Scikit-Learn,92.2,99.1,100.0,59,64,65
P0027,Thammasat University,TH,M.Sc. Data Science & Big Data,Data Science,Master's,2025,77,348563,9818,Python;SQL;Big Data (Spark/Hadoop);Machine Learning;Cloud (AWS/GCP/Azure);Scikit-Learn;MLOps,82.3,86.7,89.4,63,66,68
P0028,Thammasat University,TH,M.Sc. Artificial Intelligence & Robotics,Artificial Intelligence,Master's,2020,27,367073,10340,Python;PyTorch;Deep Learning;Computer Vision;NLP & Computer Vision;MLOps,76.2,81.5,84.5,20,22,22
P0028,Thammasat University,TH,M.Sc. Artificial Intelligence & Robotics,Artificial Intelligence,Master's,2021,29,367073,10340,Python;PyTorch;Deep Learning;Computer Vision;NLP & Computer Vision;MLOps,92.1,97.1,99.9,26,28,28
P0028,Thammasat University,TH,M.Sc. Artificial Intelligence & Robotics,Artificial Intelligence,Master's,2022,31,367073,10340,Python;PyTorch;Deep Learning;Computer Vision;NLP & Computer Vision;MLOps,89.2,94.0,97.1,27,29,30
P0028,Thammasat University,TH,M.Sc. Artificial Intelligence & Robotics,Artificial Intelligence,Master's,2023,31,367073,10340,Python;PyTorch;Deep Learning;Computer Vision;NLP & Computer Vision;MLOps;LLMs & GenAI,84.4,91.8,94.1,26,28,29
P0028,Thammasat University,TH,M.Sc. Artificial Intelligence & Robotics,Artificial Intelligence,Master's,2024,37,367073,10340,Python;PyTorch;Deep Learning;Computer Vision;NLP & Computer Vision;MLOps,91.7,98.5,100.0,33,36,37
P0028,Thammasat University,TH,M.Sc. Artificial Intelligence & Robotics,Artificial Intelligence,Master's,2025,36,367073,10340,Python;PyTorch;Deep Learning;Computer Vision;NLP & Computer Vision;MLOps,89.2,95.6,99.3,32,34,35
P0029,Chiang Mai University,TH,B.Sc. Data Science & Business Analytics,Data Science,Bachelor's,2020,90,239072,6734,Python;SQL;Statistics & Probability;Machine Learning;Data Visualization (Tableau/Power BI);Data Modeling,88.9,95.1,96.9,80,85,87
P0029,Chiang Mai University,TH,B.Sc. Data Science & Business Analytics,Data Science,Bachelor's,2021,95,239072,6734,Python;SQL;Statistics & Probability;Machine Learning;Data Visualization (Tableau/Power BI);Data Modeling,80.2,83.3,85.6,76,79,81
P0029,Chiang Mai University,TH,B.Sc. Data Science & Business Analytics,Data Science,Bachelor's,2022,99,239072,6734,Python;SQL;Statistics & Probability;Machine Learning;Data Visualization (Tableau/Power BI);Data Modeling,81.3,86.2,88.3,80,85,87
P0029,Chiang Mai University,TH,B.Sc. Data Science & Business Analytics,Data Science,Bachelor's,2023,111,239072,6734,Python;SQL;Statistics & Probability;Machine Learning;Data Visualization (Tableau/Power BI);Data Modeling;MLOps,87.5,91.3,93.2,97,101,103
P0029,Chiang Mai University,TH,B.Sc. Data Science & Business Analytics,Data Science,Bachelor's,2024,125,239072,6734,Python;SQL;Statistics & Probability;Machine Learning;Data Visualization (Tableau/Power BI);Data Modeling;MLOps,84.0,89.6,91.7,105,111,114
P0029,Chiang Mai University,TH,B.Sc. Data Science & Business Analytics,Data Science,Bachelor's,2025,133,239072,6734,Python;SQL;Statistics & Probability;Machine Learning;Data Visualization (Tableau/Power BI);Data Modeling;MLOps,91.6,96.7,98.9,121,128,131
P0030,Chiang Mai University,TH,M.Sc. Data Science & Big Data,Data Science,Master's,2020,37,397708,11203,Python;SQL;Big Data (Spark/Hadoop);Machine Learning;Cloud (AWS/GCP/Azure);Scikit-Learn,82.6,86.7,90.3,30,32,33
P0030,Chiang Mai University,TH,M.Sc. Data Science & Big Data,Data Science,Master's,2021,39,397708,11203,Python;SQL;Big Data (Spark/Hadoop);Machine Learning;Cloud (AWS/GCP/Azure);Scikit-Learn,81.8,87.0,89.1,31,33,34
P0030,Chiang Mai University,TH,M.Sc. Data Science & Big Data,Data Science,Master's,2022,43,397708,11203,Python;SQL;Big Data (Spark/Hadoop);Machine Learning;Cloud (AWS/GCP/Azure);Scikit-Learn,85.4,92.9,95.1,36,39,40
P0030,Chiang Mai University,TH,M.Sc. Data Science & Big Data,Data Science,Master's,2023,50,397708,11203,Python;SQL;Big Data (Spark/Hadoop);Machine Learning;Cloud (AWS/GCP/Azure);Scikit-Learn;MLOps;LLMs & GenAI,87.0,91.2,94.1,43,45,47
P0030,Chiang Mai University,TH,M.Sc. Data Science & Big Data,Data Science,Master's,2024,44,397708,11203,Python;SQL;Big Data (Spark/Hadoop);Machine Learning;Cloud (AWS/GCP/Azure);Scikit-Learn;LLMs & GenAI,86.0,91.2,95.0,37,40,41
P0030,Chiang Mai University,TH,M.Sc. Data Science & Big Data,Data Science,Master's,2025,54,397708,11203,Python;SQL;Big Data (Spark/Hadoop);Machine Learning;Cloud (AWS/GCP/Azure);Scikit-Learn;MLOps;LLMs & GenAI,81.2,87.1,90.2,43,47,48
P0031,Chiang Mai University,TH,M.Sc. Artificial Intelligence & Robotics,Artificial Intelligence,Master's,2020,26,340734,9598,Python;PyTorch;Deep Learning;Computer Vision;NLP & Computer Vision;MLOps,92.7,98.6,100.0,24,25,26
P0031,Chiang Mai University,TH,M.Sc. Artificial Intelligence & Robotics,Artificial Intelligence,Master's,2021,28,340734,9598,Python;PyTorch;Deep Learning;Computer Vision;NLP & Computer Vision;MLOps,86.5,92.8,94.5,24,25,26
P0031,Chiang Mai University,TH,M.Sc. Artificial Intelligence & Robotics,Artificial Intelligence,Master's,2022,29,340734,9598,Python;PyTorch;Deep Learning;Computer Vision;NLP & Computer Vision;MLOps,89.7,93.5,95.3,26,27,27
P0031,Chiang Mai University,TH,M.Sc. Artificial Intelligence & Robotics,Artificial Intelligence,Master's,2023,32,340734,9598,Python;PyTorch;Deep Learning;Computer Vision;NLP & Computer Vision;MLOps;LLMs & GenAI,94.0,99.4,100.0,30,31,32
P0031,Chiang Mai University,TH,M.Sc. Artificial Intelligence & Robotics,Artificial Intelligence,Master's,2024,33,340734,9598,Python;PyTorch;Deep Learning;Computer Vision;NLP & Computer Vision;MLOps;LLMs & GenAI,91.2,96.4,99.9,30,31,32
P0031,Chiang Mai University,TH,M.Sc. Artificial Intelligence & Robotics,Artificial Intelligence,Master's,2025,35,340734,9598,Python;PyTorch;Deep Learning;Computer Vision;NLP & Computer Vision;MLOps;LLMs & GenAI,77.7,85.0,86.9,27,29,30
P0032,Prince of Songkla University,TH,Ph.D. Mathematical Statistics,Statistics,Doctorate,2020,12,434340,12234,Statistics & Probability;Linear Algebra & Calculus;Time Series Analysis;Research & Experimentation,88.7,92.9,95.4,10,11,11
P0032,Prince of Songkla University,TH,Ph.D. Mathematical Statistics,Statistics,Doctorate,2021,13,434340,12234,Statistics & Probability;Linear Algebra & Calculus;Time Series Analysis;Research & Experimentation,81.6,87.6,90.3,10,11,11
P0032,Prince of Songkla University,TH,Ph.D. Mathematical Statistics,Statistics,Doctorate,2022,14,434340,12234,Statistics & Probability;Linear Algebra & Calculus;Time Series Analysis;Research & Experimentation,92.4,96.9,99.9,12,13,13
P0032,Prince of Songkla University,TH,Ph.D. Mathematical Statistics,Statistics,Doctorate,2023,15,434340,12234,Statistics & Probability;Linear Algebra & Calculus;Time Series Analysis;Research & Experimentation,86.6,91.7,95.0,12,13,14
P0032,Prince of Songkla University,TH,Ph.D. Mathematical Statistics,Statistics,Doctorate,2024,16,434340,12234,Statistics & Probability;Linear Algebra & Calculus;Time Series Analysis;Research & Experimentation,76.7,79.9,81.5,12,12,13
P0032,Prince of Songkla University,TH,Ph.D. Mathematical Statistics,Statistics,Doctorate,2025,19,434340,12234,Statistics & Probability;Linear Algebra & Calculus;Time Series Analysis;Research & Experimentation,76.7,80.8,83.6,14,15,15
P0033,Prince of Songkla University,TH,Ph.D. Data Science & Analytics,Data Science,Doctorate,2020,10,478637,13482,Machine Learning;Research & Experimentation;Statistics & Probability;Big Data (Spark/Hadoop),88.6,95.9,98.4,8,9,9
P0033,Prince of Songkla University,TH,Ph.D. Data Science & Analytics,Data Science,Doctorate,2021,11,478637,13482,Machine Learning;Research & Experimentation;Statistics & Probability;Big Data (Spark/Hadoop),77.4,82.3,84.0,8,9,9
P0033,Prince of Songkla University,TH,Ph.D. Data Science & Analytics,Data Science,Doctorate,2022,11,478637,13482,Machine Learning;Research & Experimentation;Statistics & Probability;Big Data (Spark/Hadoop),82.3,89.6,91.2,9,9,10
P0033,Prince of Songkla University,TH,Ph.D. Data Science & Analytics,Data Science,Doctorate,2023,12,478637,13482,Machine Learning;Research & Experimentation;Statistics & Probability;Big Data (Spark/Hadoop);LLMs & GenAI,82.9,90.2,93.8,9,10,11
P0033,Prince of Songkla University,TH,Ph.D. Data Science & Analytics,Data Science,Doctorate,2024,13,478637,13482,Machine Learning;Research & Experimentation;Statistics & Probability;Big Data (Spark/Hadoop),93.1,97.7,100.0,12,12,13
P0033,Prince of Songkla University,TH,Ph.D. Data Science & Analytics,Data Science,Doctorate,2025,15,478637,13482,Machine Learning;Research & Experimentation;Statistics & Probability;Big Data (Spark/Hadoop);MLOps,83.1,89.1,92.2,12,13,13
P0034,Prince of Songkla University,TH,B.Sc. Artificial Intelligence,Artificial Intelligence,Bachelor's,2020,66,197405,5560,Python;Linear Algebra & Calculus;Machine Learning;Deep Learning;Algorithms;Git & Version Control,90.5,94.4,98.0,59,62,64
P0034,Prince of Songkla University,TH,B.Sc. Artificial Intelligence,Artificial Intelligence,Bachelor's,2021,71,197405,5560,Python;Linear Algebra & Calculus;Machine Learning;Deep Learning;Algorithms;Git & Version Control,86.6,93.3,95.4,61,66,67
P0034,Prince of Songkla University,TH,B.Sc. Artificial Intelligence,Artificial Intelligence,Bachelor's,2022,79,197405,5560,Python;Linear Algebra & Calculus;Machine Learning;Deep Learning;Algorithms;Git & Version Control,90.5,96.2,98.4,71,75,77
P0034,Prince of Songkla University,TH,B.Sc. Artificial Intelligence,Artificial Intelligence,Bachelor's,2023,89,197405,5560,Python;Linear Algebra & Calculus;Machine Learning;Deep Learning;Algorithms;Git & Version Control;LLMs & GenAI,94.3,99.7,100.0,83,88,89
P0034,Prince of Songkla University,TH,B.Sc. Artificial Intelligence,Artificial Intelligence,Bachelor's,2024,81,197405,5560,Python;Linear Algebra & Calculus;Machine Learning;Deep Learning;Algorithms;Git & Version Control,82.3,88.8,91.8,66,71,74
P0034,Prince of Songkla University,TH,B.Sc. Artificial Intelligence,Artificial Intelligence,Bachelor's,2025,85,197405,5560,Python;Linear Algebra & Calculus;Machine Learning;Deep Learning;Algorithms;Git & Version Control,83.5,87.0,88.7,70,73,75
P0035,Prince of Songkla University,TH,B.Sc. Data Science & Business Analytics,Data Science,Bachelor's,2020,92,230651,6497,Python;SQL;Statistics & Probability;Machine Learning;Data Visualization (Tableau/Power BI);Data Modeling,92.5,95.7,99.2,85,88,91
P0035,Prince of Songkla University,TH,B.Sc. Data Science & Business Analytics,Data Science,Bachelor's,2021,102,230651,6497,Python;SQL;Statistics & Probability;Machine Learning;Data Visualization (Tableau/Power BI);Data Modeling,84.4,89.5,93.4,86,91,95
P0035,Prince of Songkla University,TH,B.Sc. Data Science & Business Analytics,Data Science,Bachelor's,2022,101,230651,6497,Python;SQL;Statistics & Probability;Machine Learning;Data Visualization (Tableau/Power BI);Data Modeling,83.6,88.4,91.6,84,89,92
P0035,Prince of Songkla University,TH,B.Sc. Data Science & Business Analytics,Data Science,Bachelor's,2023,115,230651,6497,Python;SQL;Statistics & Probability;Machine Learning;Data Visualization (Tableau/Power BI);Data Modeling;MLOps,91.8,95.1,96.8,105,109,111
P0035,Prince of Songkla University,TH,B.Sc. Data Science & Business Analytics,Data Science,Bachelor's,2024,117,230651,6497,Python;SQL;Statistics & Probability;Machine Learning;Data Visualization (Tableau/Power BI);Data Modeling;MLOps,86.5,92.0,94.3,101,107,110
P0035,Prince of Songkla University,TH,B.Sc. Data Science & Business Analytics,Data Science,Bachelor's,2025,129,230651,6497,Python;SQL;Statistics & Probability;Machine Learning;Data Visualization (Tableau/Power BI);Data Modeling;MLOps;LLMs & GenAI,86.0,89.4,92.7,110,115,119
P0036,Prince of Songkla University,TH,B.Sc. Applied Statistics,Statistics,Bachelor's,2020,62,174758,4922,Statistics & Probability;Linear Algebra & Calculus;R;SQL;Time Series Analysis;Data Modeling,91.4,96.3,99.9,56,59,61
P0036,Prince of Songkla University,TH,B.Sc. Applied Statistics,Statistics,Bachelor's,2021,66,174758,4922,Statistics & Probability;Linear Algebra & Calculus;R;SQL;Time Series Analysis;Data Modeling,88.4,92.8,95.1,58,61,62
P0036,Prince of Songkla University,TH,B.Sc. Applied Statistics,Statistics,Bachelor's,2022,70,174758,4922,Statistics & Probability;Linear Algebra & Calculus;R;SQL;Time Series Analysis;Data Modeling,92.6,98.7,100.0,64,69,70
P0036,Prince of Songkla University,TH,B.Sc. Applied Statistics,Statistics,Bachelor's,2023,72,174758,4922,Statistics & Probability;Linear Algebra & Calculus;R;SQL;Time Series Analysis;Data Modeling,76.1,81.0,84.4,54,58,60
P0036,Prince of Songkla University,TH,B.Sc. Applied Statistics,Statistics,Bachelor's,2024,80,174758,4922,Statistics & Probability;Linear Algebra & Calculus;R;SQL;Time Series Analysis;Data Modeling,77.0,80.3,84.2,61,64,67
P0036,Prince of Songkla University,TH,B.Sc. Applied Statistics,Statistics,Bachelor's,2025,89,174758,4922,Statistics & Probability;Linear Algebra & Calculus;R;SQL;Time Series Analysis;Data Modeling,87.2,92.0,95.7,77,81,85
P0037,Prince of Songkla University,TH,Ph.D. Artificial Intelligence,Artificial Intelligence,Doctorate,2020,11,510877,14390,Deep Learning;LLMs & GenAI;Research & Experimentation;PyTorch;Linear Algebra & Calculus,89.2,96.6,99.6,9,10,10
P0037,Prince of Songkla University,TH,Ph.D. Artificial Intelligence,Artificial Intelligence,Doctorate,2021,11,510877,14390,Deep Learning;LLMs & GenAI;Research & Experimentation;PyTorch;Linear Algebra & Calculus,86.5,90.5,93.6,9,9,10
P0037,Prince of Songkla University,TH,Ph.D. Artificial Intelligence,Artificial Intelligence,Doctorate,2022,12,510877,14390,Deep Learning;LLMs & GenAI;Research & Experimentation;PyTorch;Linear Algebra & Calculus,77.6,84.4,86.8,9,10,10
P0037,Prince of Songkla University,TH,Ph.D. Artificial Intelligence,Artificial Intelligence,Doctorate,2023,14,510877,14390,Deep Learning;LLMs & GenAI;Research & Experimentation;PyTorch;Linear Algebra & Calculus;MLOps,86.4,93.0,96.6,12,13,13
P0037,Prince of Songkla University,TH,Ph.D. Artificial Intelligence,Artificial Intelligence,Doctorate,2024,15,510877,14390,Deep Learning;LLMs & GenAI;Research & Experimentation;PyTorch;Linear Algebra & Calculus;MLOps,87.2,93.1,94.7,13,13,14
P0037,Prince of Songkla University,TH,Ph.D. Artificial Intelligence,Artificial Intelligence,Doctorate,2025,16,510877,14390,Deep Learning;LLMs & GenAI;Research & Experimentation;PyTorch;Linear Algebra & Calculus,80.6,84.4,87.7,12,13,14
P0038,National University of Singapore (NUS),SG,Ph.D. Data Science & Analytics,Data Science,Doctorate,2020,6,1430467,40294,Machine Learning;Research & Experimentation;Statistics & Probability;Big Data (Spark/Hadoop),86.5,89.6,93.0,5,5,5
P0038,National University of Singapore (NUS),SG,Ph.D. Data Science & Analytics,Data Science,Doctorate,2021,6,1430467,40294,Machine Learning;Research & Experimentation;Statistics & Probability;Big Data (Spark/Hadoop),82.5,87.0,89.4,4,5,5
P0038,National University of Singapore (NUS),SG,Ph.D. Data Science & Analytics,Data Science,Doctorate,2022,7,1430467,40294,Machine Learning;Research & Experimentation;Statistics & Probability;Big Data (Spark/Hadoop),89.3,94.9,96.6,6,6,6
P0038,National University of Singapore (NUS),SG,Ph.D. Data Science & Analytics,Data Science,Doctorate,2023,6,1430467,40294,Machine Learning;Research & Experimentation;Statistics & Probability;Big Data (Spark/Hadoop);LLMs & GenAI,77.5,83.3,86.5,4,4,5
P0038,National University of Singapore (NUS),SG,Ph.D. Data Science & Analytics,Data Science,Doctorate,2024,8,1430467,40294,Machine Learning;Research & Experimentation;Statistics & Probability;Big Data (Spark/Hadoop),82.9,87.1,90.5,6,6,7
P0038,National University of Singapore (NUS),SG,Ph.D. Data Science & Analytics,Data Science,Doctorate,2025,8,1430467,40294,Machine Learning;Research & Experimentation;Statistics & Probability;Big Data (Spark/Hadoop),87.4,92.6,95.8,6,7,7
P0039,National University of Singapore (NUS),SG,B.Sc. Artificial Intelligence,Artificial Intelligence,Bachelor's,2020,35,529114,14904,Python;Linear Algebra & Calculus;Machine Learning;Deep Learning;Algorithms;Git & Version Control,93.5,100.0,100.0,32,35,35
P0039,National University of Singapore (NUS),SG,B.Sc. Artificial Intelligence,Artificial Intelligence,Bachelor's,2021,37,529114,14904,Python;Linear Algebra & Calculus;Machine Learning;Deep Learning;Algorithms;Git & Version Control,77.8,83.0,85.6,28,30,31
P0039,National University of Singapore (NUS),SG,B.Sc. Artificial Intelligence,Artificial Intelligence,Bachelor's,2022,39,529114,14904,Python;Linear Algebra & Calculus;Machine Learning;Deep Learning;Algorithms;Git & Version Control,85.6,89.6,92.5,33,34,36
P0039,National University of Singapore (NUS),SG,B.Sc. Artificial Intelligence,Artificial Intelligence,Bachelor's,2023,45,529114,14904,Python;Linear Algebra & Calculus;Machine Learning;Deep Learning;Algorithms;Git & Version Control,82.2,87.0,90.4,36,39,40
P0039,National University of Singapore (NUS),SG,B.Sc. Artificial Intelligence,Artificial Intelligence,Bachelor's,2024,42,529114,14904,Python;Linear Algebra & Calculus;Machine Learning;Deep Learning;Algorithms;Git & Version Control;MLOps,81.4,86.3,88.8,34,36,37
P0039,National University of Singapore (NUS),SG,B.Sc. Artificial Intelligence,Artificial Intelligence,Bachelor's,2025,48,529114,14904,Python;Linear Algebra & Calculus;Machine Learning;Deep Learning;Algorithms;Git & Version Control;MLOps;LLMs & GenAI,93.9,97.7,100.0,45,46,48
P0040,National University of Singapore (NUS),SG,M.Sc. Artificial Intelligence & Robotics,Artificial Intelligence,Master's,2020,45,887455,24998,Python;PyTorch;Deep Learning;Computer Vision;NLP & Computer Vision;MLOps,80.1,85.7,88.5,36,38,39
P0040,National University of Singapore (NUS),SG,M.Sc. Artificial Intelligence & Robotics,Artificial Intelligence,Master's,2021,48,887455,24998,Python;PyTorch;Deep Learning;Computer Vision;NLP & Computer Vision;MLOps,81.4,85.9,88.2,39,41,42
P0040,National University of Singapore (NUS),SG,M.Sc. Artificial Intelligence & Robotics,Artificial Intelligence,Master's,2022,50,887455,24998,Python;PyTorch;Deep Learning;Computer Vision;NLP & Computer Vision;MLOps,85.2,88.7,91.5,42,44,45
P0040,National University of Singapore (NUS),SG,M.Sc. Artificial Intelligence & Robotics,Artificial Intelligence,Master's,2023,60,887455,24998,Python;PyTorch;Deep Learning;Computer Vision;NLP & Computer Vision;MLOps;LLMs & GenAI,82.1,88.4,91.9,49,53,55
P0040,National University of Singapore (NUS),SG,M.Sc. Artificial Intelligence & Robotics,Artificial Intelligence,Master's,2024,56,887455,24998,Python;PyTorch;Deep Learning;Computer Vision;NLP & Computer Vision;MLOps;LLMs & GenAI,78.3,82.2,85.2,43,46,47
P0040,National University of Singapore (NUS),SG,M.Sc. Artificial Intelligence & Robotics,Artificial Intelligence,Master's,2025,66,887455,24998,Python;PyTorch;Deep Learning;Computer Vision;NLP & Computer Vision;MLOps;LLMs & GenAI,78.9,85.4,88.1,52,56,58
P0041,National University of Singapore (NUS),SG,B.Sc. Applied Statistics,Statistics,Bachelor's,2020,92,488306,13755,Statistics & Probability;Linear Algebra & Calculus;R;SQL;Time Series Analysis;Data Modeling,91.3,97.2,100.0,83,89,92
P0041,National University of Singapore (NUS),SG,B.Sc. Applied Statistics,Statistics,Bachelor's,2021,98,488306,13755,Statistics & Probability;Linear Algebra & Calculus;R;SQL;Time Series Analysis;Data Modeling,92.9,97.3,99.9,91,95,97
P0041,National University of Singapore (NUS),SG,B.Sc. Applied Statistics,Statistics,Bachelor's,2022,107,488306,13755,Statistics & Probability;Linear Algebra & Calculus;R;SQL;Time Series Analysis;Data Modeling,86.5,93.1,96.1,92,99,102
P0041,National University of Singapore (NUS),SG,B.Sc. Applied Statistics,Statistics,Bachelor's,2023,112,488306,13755,Statistics & Probability;Linear Algebra & Calculus;R;SQL;Time Series Analysis;Data Modeling,75.9,81.0,82.6,85,90,92
P0041,National University of Singapore (NUS),SG,B.Sc. Applied Statistics,Statistics,Bachelor's,2024,119,488306,13755,Statistics & Probability;Linear Algebra & Calculus;R;SQL;Time Series Analysis;Data Modeling,80.0,85.9,89.8,95,102,106
P0041,National University of Singapore (NUS),SG,B.Sc. Applied Statistics,Statistics,Bachelor's,2025,117,488306,13755,Statistics & Probability;Linear Algebra & Calculus;R;SQL;Time Series Analysis;Data Modeling,85.8,90.5,93.5,100,105,109
P0042,National University of Singapore (NUS),SG,M.Sc. Data Science & Big Data,Data Science,Master's,2020,20,1115786,31430,Python;SQL;Big Data (Spark/Hadoop);Machine Learning;Cloud (AWS/GCP/Azure);Scikit-Learn,89.9,95.8,98.1,17,19,19
P0042,National University of Singapore (NUS),SG,M.Sc. Data Science & Big Data,Data Science,Master's,2021,21,1115786,31430,Python;SQL;Big Data (Spark/Hadoop);Machine Learning;Cloud (AWS/GCP/Azure);Scikit-Learn,77.4,80.7,82.5,16,16,17
P0042,National University of Singapore (NUS),SG,M.Sc. Data Science & Big Data,Data Science,Master's,2022,24,1115786,31430,Python;SQL;Big Data (Spark/Hadoop);Machine Learning;Cloud (AWS/GCP/Azure);Scikit-Learn,81.0,87.2,90.0,19,20,21
P0042,National University of Singapore (NUS),SG,M.Sc. Data Science & Big Data,Data Science,Master's,2023,23,1115786,31430,Python;SQL;Big Data (Spark/Hadoop);Machine Learning;Cloud (AWS/GCP/Azure);Scikit-Learn;MLOps,79.2,84.2,86.8,18,19,19
P0042,National University of Singapore (NUS),SG,M.Sc. Data Science & Big Data,Data Science,Master's,2024,26,1115786,31430,Python;SQL;Big Data (Spark/Hadoop);Machine Learning;Cloud (AWS/GCP/Azure);Scikit-Learn;MLOps;LLMs & GenAI,79.9,84.7,87.0,20,22,22
P0042,National University of Singapore (NUS),SG,M.Sc. Data Science & Big Data,Data Science,Master's,2025,29,1115786,31430,Python;SQL;Big Data (Spark/Hadoop);Machine Learning;Cloud (AWS/GCP/Azure);Scikit-Learn;LLMs & GenAI,75.8,79.2,82.4,21,22,23
P0043,Nanyang Technological University (NTU),SG,Ph.D. Data Science & Analytics,Data Science,Doctorate,2020,10,1257119,35411,Machine Learning;Research & Experimentation;Statistics & Probability;Big Data (Spark/Hadoop),87.0,93.0,94.8,8,9,9
P0043,Nanyang Technological University (NTU),SG,Ph.D. Data Science & Analytics,Data Science,Doctorate,2021,10,1257119,35411,Machine Learning;Research & Experimentation;Statistics & Probability;Big Data (Spark/Hadoop),76.1,81.6,84.7,7,8,8
P0043,Nanyang Technological University (NTU),SG,Ph.D. Data Science & Analytics,Data Science,Doctorate,2022,11,1257119,35411,Machine Learning;Research & Experimentation;Statistics & Probability;Big Data (Spark/Hadoop),76.9,83.1,87.0,8,9,9
P0043,Nanyang Technological University (NTU),SG,Ph.D. Data Science & Analytics,Data Science,Doctorate,2023,13,1257119,35411,Machine Learning;Research & Experimentation;Statistics & Probability;Big Data (Spark/Hadoop);MLOps,91.8,95.2,98.4,11,12,12
P0043,Nanyang Technological University (NTU),SG,Ph.D. Data Science & Analytics,Data Science,Doctorate,2024,12,1257119,35411,Machine Learning;Research & Experimentation;Statistics & Probability;Big Data (Spark/Hadoop);LLMs & GenAI,92.6,97.1,100.0,11,11,12
P0043,Nanyang Technological University (NTU),SG,Ph.D. Data Science & Analytics,Data Science,Doctorate,2025,13,1257119,35411,Machine Learning;Research & Experimentation;Statistics & Probability;Big Data (Spark/Hadoop);MLOps;LLMs & GenAI,80.1,86.6,89.4,10,11,11
P0044,Nanyang Technological University (NTU),SG,M.Sc. Artificial Intelligence & Robotics,Artificial Intelligence,Master's,2020,39,924343,26037,Python;PyTorch;Deep Learning;Computer Vision;NLP & Computer Vision;MLOps,87.2,92.9,94.8,34,36,36
P0044,Nanyang Technological University (NTU),SG,M.Sc. Artificial Intelligence & Robotics,Artificial Intelligence,Master's,2021,41,924343,26037,Python;PyTorch;Deep Learning;Computer Vision;NLP & Computer Vision;MLOps,88.7,94.5,98.3,36,38,40
P0044,Nanyang Technological University (NTU),SG,M.Sc. Artificial Intelligence & Robotics,Artificial Intelligence,Master's,2022,46,924343,26037,Python;PyTorch;Deep Learning;Computer Vision;NLP & Computer Vision;MLOps,76.3,80.9,84.2,35,37,38
P0044,Nanyang Technological University (NTU),SG,M.Sc. Artificial Intelligence & Robotics,Artificial Intelligence,Master's,2023,52,924343,26037,Python;PyTorch;Deep Learning;Computer Vision;NLP & Computer Vision;MLOps,87.1,93.5,97.0,45,48,50
P0044,Nanyang Technological University (NTU),SG,M.Sc. Artificial Intelligence & Robotics,Artificial Intelligence,Master's,2024,49,924343,26037,Python;PyTorch;Deep Learning;Computer Vision;NLP & Computer Vision;MLOps,93.8,100.0,100.0,45,49,49
P0044,Nanyang Technological University (NTU),SG,M.Sc. Artificial Intelligence & Robotics,Artificial Intelligence,Master's,2025,58,924343,26037,Python;PyTorch;Deep Learning;Computer Vision;NLP & Computer Vision;MLOps;LLMs & GenAI,86.3,91.3,94.7,50,52,54
P0045,Nanyang Technological University (NTU),SG,M.Sc. Data Science & Big Data,Data Science,Master's,2020,44,1005212,28315,Python;SQL;Big Data (Spark/Hadoop);Machine Learning;Cloud (AWS/GCP/Azure);Scikit-Learn,90.0,96.6,98.4,39,42,43
P0045,Nanyang Technological University (NTU),SG,M.Sc. Data Science & Big Data,Data Science,Master's,2021,46,1005212,28315,Python;SQL;Big Data (Spark/Hadoop);Machine Learning;Cloud (AWS/GCP/Azure);Scikit-Learn,86.7,93.6,96.5,39,43,44
P0045,Nanyang Technological University (NTU),SG,M.Sc. Data Science & Big Data,Data Science,Master's,2022,49,1005212,28315,Python;SQL;Big Data (Spark/Hadoop);Machine Learning;Cloud (AWS/GCP/Azure);Scikit-Learn,90.6,97.4,99.6,44,47,48
P0045,Nanyang Technological University (NTU),SG,M.Sc. Data Science & Big Data,Data Science,Master's,2023,57,1005212,28315,Python;SQL;Big Data (Spark/Hadoop);Machine Learning;Cloud (AWS/GCP/Azure);Scikit-Learn;LLMs & GenAI,79.7,86.8,88.7,45,49,50
P0045,Nanyang Technological University (NTU),SG,M.Sc. Data Science & Big Data,Data Science,Master's,2024,55,1005212,28315,Python;SQL;Big Data (Spark/Hadoop);Machine Learning;Cloud (AWS/GCP/Azure);Scikit-Learn,83.1,87.7,89.3,45,48,49
P0045,Nanyang Technological University (NTU),SG,M.Sc. Data Science & Big Data,Data Science,Master's,2025,58,1005212,28315,Python;SQL;Big Data (Spark/Hadoop);Machine Learning;Cloud (AWS/GCP/Azure);Scikit-Learn;MLOps;LLMs & GenAI,93.4,98.1,99.7,54,56,57
P0046,Nanyang Technological University (NTU),SG,Ph.D. Mathematical Statistics,Statistics,Doctorate,2020,7,1249488,35196,Statistics & Probability;Linear Algebra & Calculus;Time Series Analysis;Research & Experimentation,80.0,86.7,89.9,5,6,6
P0046,Nanyang Technological University (NTU),SG,Ph.D. Mathematical Statistics,Statistics,Doctorate,2021,7,1249488,35196,Statistics & Probability;Linear Algebra & Calculus;Time Series Analysis;Research & Experimentation,87.9,92.9,94.4,6,6,6
P0046,Nanyang Technological University (NTU),SG,Ph.D. Mathematical Statistics,Statistics,Doctorate,2022,7,1249488,35196,Statistics & Probability;Linear Algebra & Calculus;Time Series Analysis;Research & Experimentation,79.4,86.2,89.1,5,6,6
P0046,Nanyang Technological University (NTU),SG,Ph.D. Mathematical Statistics,Statistics,Doctorate,2023,9,1249488,35196,Statistics & Probability;Linear Algebra & Calculus;Time Series Analysis;Research & Experimentation,84.5,88.0,90.2,7,7,8
P0046,Nanyang Technological University (NTU),SG,Ph.D. Mathematical Statistics,Statistics,Doctorate,2024,8,1249488,35196,Statistics & Probability;Linear Algebra & Calculus;Time Series Analysis;Research & Experimentation,75.4,80.3,83.8,6,6,6
P0046,Nanyang Technological University (NTU),SG,Ph.D. Mathematical Statistics,Statistics,Doctorate,2025,9,1249488,35196,Statistics & Probability;Linear Algebra & Calculus;Time Series Analysis;Research & Experimentation,76.6,83.7,86.7,6,7,7
P0047,Carnegie Mellon University,US,Ph.D. Mathematical Statistics,Statistics,Doctorate,2020,11,1768840,49826,Statistics & Probability;Linear Algebra & Calculus;Time Series Analysis;Research & Experimentation,81.2,86.8,88.8,8,9,9
P0047,Carnegie Mellon University,US,Ph.D. Mathematical Statistics,Statistics,Doctorate,2021,12,1768840,49826,Statistics & Probability;Linear Algebra & Calculus;Time Series Analysis;Research & Experimentation,84.4,89.0,92.9,10,10,11
P0047,Carnegie Mellon University,US,Ph.D. Mathematical Statistics,Statistics,Doctorate,2022,12,1768840,49826,Statistics & Probability;Linear Algebra & Calculus;Time Series Analysis;Research & Experimentation,89.4,94.7,96.3,10,11,11
P0047,Carnegie Mellon University,US,Ph.D. Mathematical Statistics,Statistics,Doctorate,2023,14,1768840,49826,Statistics & Probability;Linear Algebra & Calculus;Time Series Analysis;Research & Experimentation,75.3,80.0,82.4,10,11,11
P0047,Carnegie Mellon University,US,Ph.D. Mathematical Statistics,Statistics,Doctorate,2024,15,1768840,49826,Statistics & Probability;Linear Algebra & Calculus;Time Series Analysis;Research & Experimentation,81.3,84.6,86.7,12,12,13
P0047,Carnegie Mellon University,US,Ph.D. Mathematical Statistics,Statistics,Doctorate,2025,16,1768840,49826,Statistics & Probability;Linear Algebra & Calculus;Time Series Analysis;Research & Experimentation,76.5,82.1,85.5,12,13,13
P0048,Carnegie Mellon University,US,B.Sc. Data Science & Business Analytics,Data Science,Bachelor's,2020,80,924018,26028,Python;SQL;Statistics & Probability;Machine Learning;Data Visualization (Tableau/Power BI);Data Modeling,90.0,93.8,97.2,72,75,77
P0048,Carnegie Mellon University,US,B.Sc. Data Science & Business Analytics,Data Science,Bachelor's,2021,86,924018,26028,Python;SQL;Statistics & Probability;Machine Learning;Data Visualization (Tableau/Power BI);Data Modeling,87.7,93.5,97.0,75,80,83
P0048,Carnegie Mellon University,US,B.Sc. Data Science & Business Analytics,Data Science,Bachelor's,2022,88,924018,26028,Python;SQL;Statistics & Probability;Machine Learning;Data Visualization (Tableau/Power BI);Data Modeling,89.2,94.3,96.5,78,82,84
P0048,Carnegie Mellon University,US,B.Sc. Data Science & Business Analytics,Data Science,Bachelor's,2023,92,924018,26028,Python;SQL;Statistics & Probability;Machine Learning;Data Visualization (Tableau/Power BI);Data Modeling;MLOps;LLMs & GenAI,78.3,81.5,85.3,72,74,78
P0048,Carnegie Mellon University,US,B.Sc. Data Science & Business Analytics,Data Science,Bachelor's,2024,108,924018,26028,Python;SQL;Statistics & Probability;Machine Learning;Data Visualization (Tableau/Power BI);Data Modeling;LLMs & GenAI,79.3,85.7,87.7,85,92,94
P0048,Carnegie Mellon University,US,B.Sc. Data Science & Business Analytics,Data Science,Bachelor's,2025,124,924018,26028,Python;SQL;Statistics & Probability;Machine Learning;Data Visualization (Tableau/Power BI);Data Modeling;MLOps;LLMs & GenAI,80.8,84.4,86.8,100,104,107
P0049,Carnegie Mellon University,US,Ph.D. Data Science & Analytics,Data Science,Doctorate,2020,11,2427104,68369,Machine Learning;Research & Experimentation;Statistics & Probability;Big Data (Spark/Hadoop),78.0,84.1,86.5,8,9,9
P0049,Carnegie Mellon University,US,Ph.D. Data Science & Analytics,Data Science,Doctorate,2021,12,2427104,68369,Machine Learning;Research & Experimentation;Statistics & Probability;Big Data (Spark/Hadoop),79.6,83.0,85.6,9,9,10
P0049,Carnegie Mellon University,US,Ph.D. Data Science & Analytics,Data Science,Doctorate,2022,12,2427104,68369,Machine Learning;Research & Experimentation;Statistics & Probability;Big Data (Spark/Hadoop),93.4,97.2,99.4,11,11,11
P0049,Carnegie Mellon University,US,Ph.D. Data Science & Analytics,Data Science,Doctorate,2023,12,2427104,68369,Machine Learning;Research & Experimentation;Statistics & Probability;Big Data (Spark/Hadoop);MLOps,80.7,85.0,87.6,9,10,10
P0049,Carnegie Mellon University,US,Ph.D. Data Science & Analytics,Data Science,Doctorate,2024,14,2427104,68369,Machine Learning;Research & Experimentation;Statistics & Probability;Big Data (Spark/Hadoop);MLOps,83.0,89.3,93.1,11,12,13
P0049,Carnegie Mellon University,US,Ph.D. Data Science & Analytics,Data Science,Doctorate,2025,16,2427104,68369,Machine Learning;Research & Experimentation;Statistics & Probability;Big Data (Spark/Hadoop),89.5,92.8,96.0,14,14,15
P0050,Stanford University,US,B.Sc. Artificial Intelligence,Artificial Intelligence,Bachelor's,2020,91,866312,24403,Python;Linear Algebra & Calculus;Machine Learning;Deep Learning;Algorithms;Git & Version Control,76.8,83.3,85.7,69,75,77
P0050,Stanford University,US,B.Sc. Artificial Intelligence,Artificial Intelligence,Bachelor's,2021,97,866312,24403,Python;Linear Algebra & Calculus;Machine Learning;Deep Learning;Algorithms;Git & Version Control,86.3,92.0,95.2,83,89,92
P0050,Stanford University,US,B.Sc. Artificial Intelligence,Artificial Intelligence,Bachelor's,2022,112,866312,24403,Python;Linear Algebra & Calculus;Machine Learning;Deep Learning;Algorithms;Git & Version Control,82.6,89.0,91.9,92,99,102
P0050,Stanford University,US,B.Sc. Artificial Intelligence,Artificial Intelligence,Bachelor's,2023,114,866312,24403,Python;Linear Algebra & Calculus;Machine Learning;Deep Learning;Algorithms;Git & Version Control;LLMs & GenAI,83.1,89.0,91.1,94,101,103
P0050,Stanford University,US,B.Sc. Artificial Intelligence,Artificial Intelligence,Bachelor's,2024,121,866312,24403,Python;Linear Algebra & Calculus;Machine Learning;Deep Learning;Algorithms;Git & Version Control,82.9,88.4,90.6,100,106,109
P0050,Stanford University,US,B.Sc. Artificial Intelligence,Artificial Intelligence,Bachelor's,2025,145,866312,24403,Python;Linear Algebra & Calculus;Machine Learning;Deep Learning;Algorithms;Git & Version Control;LLMs & GenAI,80.9,88.0,90.7,117,127,131
P0051,Stanford University,US,Ph.D. Artificial Intelligence,Artificial Intelligence,Doctorate,2020,12,2051346,57784,Deep Learning;LLMs & GenAI;Research & Experimentation;PyTorch;Linear Algebra & Calculus,90.9,98.3,100.0,10,11,12
P0051,Stanford University,US,Ph.D. Artificial Intelligence,Artificial Intelligence,Doctorate,2021,13,2051346,57784,Deep Learning;LLMs & GenAI;Research & Experimentation;PyTorch;Linear Algebra & Calculus,89.0,94.5,96.7,11,12,12
P0051,Stanford University,US,Ph.D. Artificial Intelligence,Artificial Intelligence,Doctorate,2022,13,2051346,57784,Deep Learning;LLMs & GenAI;Research & Experimentation;PyTorch;Linear Algebra & Calculus,78.5,84.7,88.0,10,11,11
P0051,Stanford University,US,Ph.D. Artificial Intelligence,Artificial Intelligence,Doctorate,2023,14,2051346,57784,Deep Learning;LLMs & GenAI;Research & Experimentation;PyTorch;Linear Algebra & Calculus;MLOps,82.4,86.4,90.4,11,12,12
P0051,Stanford University,US,Ph.D. Artificial Intelligence,Artificial Intelligence,Doctorate,2024,15,2051346,57784,Deep Learning;LLMs & GenAI;Research & Experimentation;PyTorch;Linear Algebra & Calculus;MLOps,84.9,89.5,92.4,12,13,13
P0051,Stanford University,US,Ph.D. Artificial Intelligence,Artificial Intelligence,Doctorate,2025,19,2051346,57784,Deep Learning;LLMs & GenAI;Research & Experimentation;PyTorch;Linear Algebra & Calculus,78.0,85.0,86.7,14,16,16
P0052,Stanford University,US,B.Sc. Applied Statistics,Statistics,Bachelor's,2020,96,777048,21888,Statistics & Probability;Linear Algebra & Calculus;R;SQL;Time Series Analysis;Data Modeling,89.1,95.8,97.5,85,91,93
P0052,Stanford University,US,B.Sc. Applied Statistics,Statistics,Bachelor's,2021,107,777048,21888,Statistics & Probability;Linear Algebra & Calculus;R;SQL;Time Series Analysis;Data Modeling,86.7,91.7,94.9,92,98,101
P0052,Stanford University,US,B.Sc. Applied Statistics,Statistics,Bachelor's,2022,110,777048,21888,Statistics & Probability;Linear Algebra & Calculus;R;SQL;Time Series Analysis;Data Modeling,91.2,97.7,100.0,100,107,110
P0052,Stanford University,US,B.Sc. Applied Statistics,Statistics,Bachelor's,2023,114,777048,21888,Statistics & Probability;Linear Algebra & Calculus;R;SQL;Time Series Analysis;Data Modeling,92.9,97.8,100.0,105,111,114
P0052,Stanford University,US,B.Sc. Applied Statistics,Statistics,Bachelor's,2024,116,777048,21888,Statistics & Probability;Linear Algebra & Calculus;R;SQL;Time Series Analysis;Data Modeling,76.9,80.6,82.5,89,93,95
P0052,Stanford University,US,B.Sc. Applied Statistics,Statistics,Bachelor's,2025,130,777048,21888,Statistics & Probability;Linear Algebra & Calculus;R;SQL;Time Series Analysis;Data Modeling,88.0,92.6,96.5,114,120,125
P0053,Stanford University,US,M.Sc. Data Science & Big Data,Data Science,Master's,2020,23,1769877,49855,Python;SQL;Big Data (Spark/Hadoop);Machine Learning;Cloud (AWS/GCP/Azure);Scikit-Learn,86.6,92.1,93.9,19,21,21
P0053,Stanford University,US,M.Sc. Data Science & Big Data,Data Science,Master's,2021,24,1769877,49855,Python;SQL;Big Data (Spark/Hadoop);Machine Learning;Cloud (AWS/GCP/Azure);Scikit-Learn,84.6,89.9,91.8,20,21,22
P0053,Stanford University,US,M.Sc. Data Science & Big Data,Data Science,Master's,2022,28,1769877,49855,Python;SQL;Big Data (Spark/Hadoop);Machine Learning;Cloud (AWS/GCP/Azure);Scikit-Learn,77.4,83.4,86.7,21,23,24
P0053,Stanford University,US,M.Sc. Data Science & Big Data,Data Science,Master's,2023,29,1769877,49855,Python;SQL;Big Data (Spark/Hadoop);Machine Learning;Cloud (AWS/GCP/Azure);Scikit-Learn,90.5,96.0,99.6,26,27,28
P0053,Stanford University,US,M.Sc. Data Science & Big Data,Data Science,Master's,2024,31,1769877,49855,Python;SQL;Big Data (Spark/Hadoop);Machine Learning;Cloud (AWS/GCP/Azure);Scikit-Learn,85.5,91.4,94.8,26,28,29
P0053,Stanford University,US,M.Sc. Data Science & Big Data,Data Science,Master's,2025,32,1769877,49855,Python;SQL;Big Data (Spark/Hadoop);Machine Learning;Cloud (AWS/GCP/Azure);Scikit-Learn;MLOps;LLMs & GenAI,86.4,90.7,94.6,27,29,30
P0054,UC Berkeley,US,M.Sc. Data Science & Big Data,Data Science,Master's,2020,48,1590594,44805,Python;SQL;Big Data (Spark/Hadoop);Machine Learning;Cloud (AWS/GCP/Azure);Scikit-Learn,81.0,84.6,88.3,38,40,42
P0054,UC Berkeley,US,M.Sc. Data Science & Big Data,Data Science,Master's,2021,51,1590594,44805,Python;SQL;Big Data (Spark/Hadoop);Machine Learning;Cloud (AWS/GCP/Azure);Scikit-Learn,93.3,97.9,100.0,47,49,51
P0054,UC Berkeley,US,M.Sc. Data Science & Big Data,Data Science,Master's,2022,57,1590594,44805,Python;SQL;Big Data (Spark/Hadoop);Machine Learning;Cloud (AWS/GCP/Azure);Scikit-Learn,84.3,87.8,89.9,48,50,51
P0054,UC Berkeley,US,M.Sc. Data Science & Big Data,Data Science,Master's,2023,56,1590594,44805,Python;SQL;Big Data (Spark/Hadoop);Machine Learning;Cloud (AWS/GCP/Azure);Scikit-Learn;MLOps;LLMs & GenAI,83.0,86.6,88.2,46,48,49
P0054,UC Berkeley,US,M.Sc. Data Science & Big Data,Data Science,Master's,2024,63,1590594,44805,Python;SQL;Big Data (Spark/Hadoop);Machine Learning;Cloud (AWS/GCP/Azure);Scikit-Learn;MLOps;LLMs & GenAI,92.8,99.9,100.0,58,62,63
P0054,UC Berkeley,US,M.Sc. Data Science & Big Data,Data Science,Master's,2025,63,1590594,44805,Python;SQL;Big Data (Spark/Hadoop);Machine Learning;Cloud (AWS/GCP/Azure);Scikit-Learn;MLOps,77.5,85.0,87.7,48,53,55
P0055,UC Berkeley,US,M.Sc. Biostatistics & Data Analytics,Statistics,Master's,2020,43,1162365,32742,R;Statistics & Probability;Python;Data Modeling;Time Series Analysis;Research & Experimentation,92.9,96.9,99.3,39,41,42
P0055,UC Berkeley,US,M.Sc. Biostatistics & Data Analytics,Statistics,Master's,2021,45,1162365,32742,R;Statistics & Probability;Python;Data Modeling;Time Series Analysis;Research & Experimentation,83.9,90.9,94.0,37,40,42
P0055,UC Berkeley,US,M.Sc. Biostatistics & Data Analytics,Statistics,Master's,2022,50,1162365,32742,R;Statistics & Probability;Python;Data Modeling;Time Series Analysis;Research & Experimentation,84.7,91.5,94.1,42,45,47
P0055,UC Berkeley,US,M.Sc. Biostatistics & Data Analytics,Statistics,Master's,2023,57,1162365,32742,R;Statistics & Probability;Python;Data Modeling;Time Series Analysis;Research & Experimentation,88.3,94.7,97.1,50,53,55
P0055,UC Berkeley,US,M.Sc. Biostatistics & Data Analytics,Statistics,Master's,2024,56,1162365,32742,R;Statistics & Probability;Python;Data Modeling;Time Series Analysis;Research & Experimentation,85.3,89.2,92.1,47,49,51
P0055,UC Berkeley,US,M.Sc. Biostatistics & Data Analytics,Statistics,Master's,2025,54,1162365,32742,R;Statistics & Probability;Python;Data Modeling;Time Series Analysis;Research & Experimentation,84.1,90.5,92.7,45,48,50
P0056,UC Berkeley,US,B.Sc. Artificial Intelligence,Artificial Intelligence,Bachelor's,2020,50,929290,26177,Python;Linear Algebra & Calculus;Machine Learning;Deep Learning;Algorithms;Git & Version Control,77.3,82.0,86.0,38,41,43
P0056,UC Berkeley,US,B.Sc. Artificial Intelligence,Artificial Intelligence,Bachelor's,2021,54,929290,26177,Python;Linear Algebra & Calculus;Machine Learning;Deep Learning;Algorithms;Git & Version Control,82.4,86.0,89.0,44,46,48
P0056,UC Berkeley,US,B.Sc. Artificial Intelligence,Artificial Intelligence,Bachelor's,2022,57,929290,26177,Python;Linear Algebra & Calculus;Machine Learning;Deep Learning;Algorithms;Git & Version Control,76.3,79.5,82.8,43,45,47
P0056,UC Berkeley,US,B.Sc. Artificial Intelligence,Artificial Intelligence,Bachelor's,2023,65,929290,26177,Python;Linear Algebra & Calculus;Machine Learning;Deep Learning;Algorithms;Git & Version Control;LLMs & GenAI,85.4,89.1,92.8,55,57,60
P0056,UC Berkeley,US,B.Sc. Artificial Intelligence,Artificial Intelligence,Bachelor's,2024,64,929290,26177,Python;Linear Algebra & Calculus;Machine Learning;Deep Learning;Algorithms;Git & Version Control;MLOps,83.0,88.8,92.4,53,56,59
P0056,UC Berkeley,US,B.Sc. Artificial Intelligence,Artificial Intelligence,Bachelor's,2025,71,929290,26177,Python;Linear Algebra & Calculus;Machine Learning;Deep Learning;Algorithms;Git & Version Control,84.8,90.3,93.0,60,64,66
P0057,UC Berkeley,US,Ph.D. Data Science & Analytics,Data Science,Doctorate,2020,11,2003186,56427,Machine Learning;Research & Experimentation;Statistics & Probability;Big Data (Spark/Hadoop),89.6,95.9,99.1,9,10,10
P0057,UC Berkeley,US,Ph.D. Data Science & Analytics,Data Science,Doctorate,2021,11,2003186,56427,Machine Learning;Research & Experimentation;Statistics & Probability;Big Data (Spark/Hadoop),83.5,90.9,94.4,9,9,10
P0057,UC Berkeley,US,Ph.D. Data Science & Analytics,Data Science,Doctorate,2022,13,2003186,56427,Machine Learning;Research & Experimentation;Statistics & Probability;Big Data (Spark/Hadoop),85.5,91.7,94.7,11,11,12
P0057,UC Berkeley,US,Ph.D. Data Science & Analytics,Data Science,Doctorate,2023,13,2003186,56427,Machine Learning;Research & Experimentation;Statistics & Probability;Big Data (Spark/Hadoop);LLMs & GenAI,86.5,92.3,95.9,11,11,12
P0057,UC Berkeley,US,Ph.D. Data Science & Analytics,Data Science,Doctorate,2024,13,2003186,56427,Machine Learning;Research & Experimentation;Statistics & Probability;Big Data (Spark/Hadoop),92.5,96.0,97.5,12,12,12
P0057,UC Berkeley,US,Ph.D. Data Science & Analytics,Data Science,Doctorate,2025,16,2003186,56427,Machine Learning;Research & Experimentation;Statistics & Probability;Big Data (Spark/Hadoop);MLOps;LLMs & GenAI,82.3,88.8,92.6,13,14,14
P0058,UC Berkeley,US,B.Sc. Applied Statistics,Statistics,Bachelor's,2020,52,659210,18569,Statistics & Probability;Linear Algebra & Calculus;R;SQL;Time Series Analysis;Data Modeling,85.2,92.7,95.4,44,48,49
P0058,UC Berkeley,US,B.Sc. Applied Statistics,Statistics,Bachelor's,2021,55,659210,18569,Statistics & Probability;Linear Algebra & Calculus;R;SQL;Time Series Analysis;Data Modeling,92.7,97.8,100.0,50,53,55
P0058,UC Berkeley,US,B.Sc. Applied Statistics,Statistics,Bachelor's,2022,61,659210,18569,Statistics & Probability;Linear Algebra & Calculus;R;SQL;Time Series Analysis;Data Modeling,87.3,94.2,97.4,53,57,59
P0058,UC Berkeley,US,B.Sc. Applied Statistics,Statistics,Bachelor's,2023,68,659210,18569,Statistics & Probability;Linear Algebra & Calculus;R;SQL;Time Series Analysis;Data Modeling,79.5,84.7,88.6,54,57,60
P0058,UC Berkeley,US,B.Sc. Applied Statistics,Statistics,Bachelor's,2024,66,659210,18569,Statistics & Probability;Linear Algebra & Calculus;R;SQL;Time Series Analysis;Data Modeling,80.2,87.4,91.4,52,57,60
P0058,UC Berkeley,US,B.Sc. Applied Statistics,Statistics,Bachelor's,2025,79,659210,18569,Statistics & Probability;Linear Algebra & Calculus;R;SQL;Time Series Analysis;Data Modeling,87.9,94.0,96.7,69,74,76
P0059,UC Berkeley,US,M.Sc. Artificial Intelligence & Robotics,Artificial Intelligence,Master's,2020,35,1468729,41372,Python;PyTorch;Deep Learning;Computer Vision;NLP & Computer Vision;MLOps,86.4,91.8,95.5,30,32,33
P0059,UC Berkeley,US,M.Sc. Artificial Intelligence & Robotics,Artificial Intelligence,Master's,2021,37,1468729,41372,Python;PyTorch;Deep Learning;Computer Vision;NLP & Computer Vision;MLOps,82.1,88.6,90.5,30,32,33
P0059,UC Berkeley,US,M.Sc. Artificial Intelligence & Robotics,Artificial Intelligence,Master's,2022,38,1468729,41372,Python;PyTorch;Deep Learning;Computer Vision;NLP & Computer Vision;MLOps,93.7,97.1,100.0,35,36,38
P0059,UC Berkeley,US,M.Sc. Artificial Intelligence & Robotics,Artificial Intelligence,Master's,2023,45,1468729,41372,Python;PyTorch;Deep Learning;Computer Vision;NLP & Computer Vision;MLOps,89.7,93.7,97.3,40,42,43
P0059,UC Berkeley,US,M.Sc. Artificial Intelligence & Robotics,Artificial Intelligence,Master's,2024,47,1468729,41372,Python;PyTorch;Deep Learning;Computer Vision;NLP & Computer Vision;MLOps,80.7,84.2,87.6,37,39,41
P0059,UC Berkeley,US,M.Sc. Artificial Intelligence & Robotics,Artificial Intelligence,Master's,2025,44,1468729,41372,Python;PyTorch;Deep Learning;Computer Vision;NLP & Computer Vision;MLOps,92.7,96.7,98.8,40,42,43
P0060,Technical University of Munich,EU,M.Sc. Biostatistics & Data Analytics,Statistics,Master's,2020,28,1437823,40502,R;Statistics & Probability;Python;Data Modeling;Time Series Analysis;Research & Experimentation,92.3,99.3,100.0,25,27,28
P0060,Technical University of Munich,EU,M.Sc. Biostatistics & Data Analytics,Statistics,Master's,2021,29,1437823,40502,R;Statistics & Probability;Python;Data Modeling;Time Series Analysis;Research & Experimentation,92.8,97.2,100.0,26,28,29
P0060,Technical University of Munich,EU,M.Sc. Biostatistics & Data Analytics,Statistics,Master's,2022,34,1437823,40502,R;Statistics & Probability;Python;Data Modeling;Time Series Analysis;Research & Experimentation,76.2,81.8,84.6,25,27,28
P0060,Technical University of Munich,EU,M.Sc. Biostatistics & Data Analytics,Statistics,Master's,2023,36,1437823,40502,R;Statistics & Probability;Python;Data Modeling;Time Series Analysis;Research & Experimentation,92.3,99.4,100.0,33,35,36
P0060,Technical University of Munich,EU,M.Sc. Biostatistics & Data Analytics,Statistics,Master's,2024,40,1437823,40502,R;Statistics & Probability;Python;Data Modeling;Time Series Analysis;Research & Experimentation,77.8,84.9,88.9,31,33,35
P0060,Technical University of Munich,EU,M.Sc. Biostatistics & Data Analytics,Statistics,Master's,2025,38,1437823,40502,R;Statistics & Probability;Python;Data Modeling;Time Series Analysis;Research & Experimentation,83.9,91.1,95.0,31,34,36
P0061,Technical University of Munich,EU,M.Sc. Artificial Intelligence & Robotics,Artificial Intelligence,Master's,2020,20,1629374,45897,Python;PyTorch;Deep Learning;Computer Vision;NLP & Computer Vision;MLOps,86.3,89.8,93.8,17,17,18
P0061,Technical University of Munich,EU,M.Sc. Artificial Intelligence & Robotics,Artificial Intelligence,Master's,2021,21,1629374,45897,Python;PyTorch;Deep Learning;Computer Vision;NLP & Computer Vision;MLOps,94.3,99.7,100.0,19,20,21
P0061,Technical University of Munich,EU,M.Sc. Artificial Intelligence & Robotics,Artificial Intelligence,Master's,2022,24,1629374,45897,Python;PyTorch;Deep Learning;Computer Vision;NLP & Computer Vision;MLOps,91.7,96.8,98.8,22,23,23
P0061,Technical University of Munich,EU,M.Sc. Artificial Intelligence & Robotics,Artificial Intelligence,Master's,2023,23,1629374,45897,Python;PyTorch;Deep Learning;Computer Vision;NLP & Computer Vision;MLOps,78.6,83.7,85.8,18,19,19
P0061,Technical University of Munich,EU,M.Sc. Artificial Intelligence & Robotics,Artificial Intelligence,Master's,2024,28,1629374,45897,Python;PyTorch;Deep Learning;Computer Vision;NLP & Computer Vision;MLOps,90.5,96.1,99.5,25,26,27
P0061,Technical University of Munich,EU,M.Sc. Artificial Intelligence & Robotics,Artificial Intelligence,Master's,2025,30,1629374,45897,Python;PyTorch;Deep Learning;Computer Vision;NLP & Computer Vision;MLOps,92.5,99.2,100.0,27,29,30
P0062,Technical University of Munich,EU,Ph.D. Data Science & Analytics,Data Science,Doctorate,2020,7,2305398,64940,Machine Learning;Research & Experimentation;Statistics & Probability;Big Data (Spark/Hadoop),83.6,90.8,92.3,5,6,6
P0062,Technical University of Munich,EU,Ph.D. Data Science & Analytics,Data Science,Doctorate,2021,7,2305398,64940,Machine Learning;Research & Experimentation;Statistics & Probability;Big Data (Spark/Hadoop),83.0,87.2,89.5,5,6,6
P0062,Technical University of Munich,EU,Ph.D. Data Science & Analytics,Data Science,Doctorate,2022,8,2305398,64940,Machine Learning;Research & Experimentation;Statistics & Probability;Big Data (Spark/Hadoop),85.4,89.6,92.0,6,7,7
P0062,Technical University of Munich,EU,Ph.D. Data Science & Analytics,Data Science,Doctorate,2023,8,2305398,64940,Machine Learning;Research & Experimentation;Statistics & Probability;Big Data (Spark/Hadoop);MLOps;LLMs & GenAI,87.2,92.3,94.2,6,7,7
P0062,Technical University of Munich,EU,Ph.D. Data Science & Analytics,Data Science,Doctorate,2024,10,2305398,64940,Machine Learning;Research & Experimentation;Statistics & Probability;Big Data (Spark/Hadoop);MLOps,89.1,95.2,98.3,8,9,9
P0062,Technical University of Munich,EU,Ph.D. Data Science & Analytics,Data Science,Doctorate,2025,9,2305398,64940,Machine Learning;Research & Experimentation;Statistics & Probability;Big Data (Spark/Hadoop);MLOps,92.7,97.9,100.0,8,8,9
P0063,Technical University of Munich,EU,Ph.D. Mathematical Statistics,Statistics,Doctorate,2020,12,2032666,57258,Statistics & Probability;Linear Algebra & Calculus;Time Series Analysis;Research & Experimentation,89.7,96.4,99.8,10,11,11
P0063,Technical University of Munich,EU,Ph.D. Mathematical Statistics,Statistics,Doctorate,2021,13,2032666,57258,Statistics & Probability;Linear Algebra & Calculus;Time Series Analysis;Research & Experimentation,85.8,92.3,95.1,11,11,12
P0063,Technical University of Munich,EU,Ph.D. Mathematical Statistics,Statistics,Doctorate,2022,14,2032666,57258,Statistics & Probability;Linear Algebra & Calculus;Time Series Analysis;Research & Experimentation,81.4,88.5,90.3,11,12,12
P0063,Technical University of Munich,EU,Ph.D. Mathematical Statistics,Statistics,Doctorate,2023,15,2032666,57258,Statistics & Probability;Linear Algebra & Calculus;Time Series Analysis;Research & Experimentation,91.7,95.6,98.4,13,14,14
P0063,Technical University of Munich,EU,Ph.D. Mathematical Statistics,Statistics,Doctorate,2024,14,2032666,57258,Statistics & Probability;Linear Algebra & Calculus;Time Series Analysis;Research & Experimentation,90.7,95.7,98.9,12,13,13
P0063,Technical University of Munich,EU,Ph.D. Mathematical Statistics,Statistics,Doctorate,2025,18,2032666,57258,Statistics & Probability;Linear Algebra & Calculus;Time Series Analysis;Research & Experimentation,83.8,90.8,93.4,15,16,16
P0064,Technical University of Munich,EU,B.Sc. Artificial Intelligence,Artificial Intelligence,Bachelor's,2020,51,740266,20852,Python;Linear Algebra & Calculus;Machine Learning;Deep Learning;Algorithms;Git & Version Control,84.2,87.5,90.2,42,44,46
P0064,Technical University of Munich,EU,B.Sc. Artificial Intelligence,Artificial Intelligence,Bachelor's,2021,56,740266,20852,Python;Linear Algebra & Calculus;Machine Learning;Deep Learning;Algorithms;Git & Version Control,89.2,94.0,97.5,49,52,54
P0064,Technical University of Munich,EU,B.Sc. Artificial Intelligence,Artificial Intelligence,Bachelor's,2022,61,740266,20852,Python;Linear Algebra & Calculus;Machine Learning;Deep Learning;Algorithms;Git & Version Control,86.5,89.7,92.1,52,54,56
P0064,Technical University of Munich,EU,B.Sc. Artificial Intelligence,Artificial Intelligence,Bachelor's,2023,59,740266,20852,Python;Linear Algebra & Calculus;Machine Learning;Deep Learning;Algorithms;Git & Version Control;MLOps,94.4,100.0,100.0,55,59,59
P0064,Technical University of Munich,EU,B.Sc. Artificial Intelligence,Artificial Intelligence,Bachelor's,2024,67,740266,20852,Python;Linear Algebra & Calculus;Machine Learning;Deep Learning;Algorithms;Git & Version Control;MLOps,90.1,96.5,100.0,60,64,67
P0064,Technical University of Munich,EU,B.Sc. Artificial Intelligence,Artificial Intelligence,Bachelor's,2025,81,740266,20852,Python;Linear Algebra & Calculus;Machine Learning;Deep Learning;Algorithms;Git & Version Control;LLMs & GenAI,82.8,89.7,93.5,67,72,75
P0065,Imperial College London,EU,Ph.D. Data Science & Analytics,Data Science,Doctorate,2020,7,2156251,60739,Machine Learning;Research & Experimentation;Statistics & Probability;Big Data (Spark/Hadoop),78.7,81.7,83.3,5,5,5
P0065,Imperial College London,EU,Ph.D. Data Science & Analytics,Data Science,Doctorate,2021,7,2156251,60739,Machine Learning;Research & Experimentation;Statistics & Probability;Big Data (Spark/Hadoop),87.3,92.8,95.6,6,6,6
P0065,Imperial College London,EU,Ph.D. Data Science & Analytics,Data Science,Doctorate,2022,8,2156251,60739,Machine Learning;Research & Experimentation;Statistics & Probability;Big Data (Spark/Hadoop),79.2,83.8,86.0,6,6,6
P0065,Imperial College London,EU,Ph.D. Data Science & Analytics,Data Science,Doctorate,2023,9,2156251,60739,Machine Learning;Research & Experimentation;Statistics & Probability;Big Data (Spark/Hadoop);LLMs & GenAI,88.3,91.8,95.3,7,8,8
P0065,Imperial College London,EU,Ph.D. Data Science & Analytics,Data Science,Doctorate,2024,10,2156251,60739,Machine Learning;Research & Experimentation;Statistics & Probability;Big Data (Spark/Hadoop),74.8,78.7,80.5,7,7,8
P0065,Imperial College London,EU,Ph.D. Data Science & Analytics,Data Science,Doctorate,2025,10,2156251,60739,Machine Learning;Research & Experimentation;Statistics & Probability;Big Data (Spark/Hadoop),75.4,81.7,84.2,7,8,8
P0066,Imperial College London,EU,M.Sc. Artificial Intelligence & Robotics,Artificial Intelligence,Master's,2020,21,1606942,45265,Python;PyTorch;Deep Learning;Computer Vision;NLP & Computer Vision;MLOps,94.4,98.5,100.0,19,20,21
P0066,Imperial College London,EU,M.Sc. Artificial Intelligence & Robotics,Artificial Intelligence,Master's,2021,22,1606942,45265,Python;PyTorch;Deep Learning;Computer Vision;NLP & Computer Vision;MLOps,86.5,93.0,96.5,19,20,21
P0066,Imperial College London,EU,M.Sc. Artificial Intelligence & Robotics,Artificial Intelligence,Master's,2022,23,1606942,45265,Python;PyTorch;Deep Learning;Computer Vision;NLP & Computer Vision;MLOps,92.1,99.5,100.0,21,22,23
P0066,Imperial College London,EU,M.Sc. Artificial Intelligence & Robotics,Artificial Intelligence,Master's,2023,25,1606942,45265,Python;PyTorch;Deep Learning;Computer Vision;NLP & Computer Vision;MLOps;LLMs & GenAI,80.7,86.2,89.2,20,21,22
P0066,Imperial College London,EU,M.Sc. Artificial Intelligence & Robotics,Artificial Intelligence,Master's,2024,26,1606942,45265,Python;PyTorch;Deep Learning;Computer Vision;NLP & Computer Vision;MLOps,88.4,93.9,95.5,22,24,24
P0066,Imperial College London,EU,M.Sc. Artificial Intelligence & Robotics,Artificial Intelligence,Master's,2025,30,1606942,45265,Python;PyTorch;Deep Learning;Computer Vision;NLP & Computer Vision;MLOps,82.7,88.1,91.3,24,26,27
P0067,Imperial College London,EU,M.Sc. Biostatistics & Data Analytics,Statistics,Master's,2020,29,1228464,34604,R;Statistics & Probability;Python;Data Modeling;Time Series Analysis;Research & Experimentation,83.5,90.3,92.6,24,26,26
P0067,Imperial College London,EU,M.Sc. Biostatistics & Data Analytics,Statistics,Master's,2021,31,1228464,34604,R;Statistics & Probability;Python;Data Modeling;Time Series Analysis;Research & Experimentation,89.8,96.9,99.8,27,30,30
P0067,Imperial College London,EU,M.Sc. Biostatistics & Data Analytics,Statistics,Master's,2022,35,1228464,34604,R;Statistics & Probability;Python;Data Modeling;Time Series Analysis;Research & Experimentation,85.1,88.7,90.8,29,31,31
P0067,Imperial College London,EU,M.Sc. Biostatistics & Data Analytics,Statistics,Master's,2023,34,1228464,34604,R;Statistics & Probability;Python;Data Modeling;Time Series Analysis;Research & Experimentation,86.8,94.0,97.6,29,31,33
P0067,Imperial College London,EU,M.Sc. Biostatistics & Data Analytics,Statistics,Master's,2024,35,1228464,34604,R;Statistics & Probability;Python;Data Modeling;Time Series Analysis;Research & Experimentation,88.3,92.2,94.4,30,32,33
P0067,Imperial College London,EU,M.Sc. Biostatistics & Data Analytics,Statistics,Master's,2025,43,1228464,34604,R;Statistics & Probability;Python;Data Modeling;Time Series Analysis;Research & Experimentation,86.0,92.9,94.9,36,39,40
P0068,Imperial College London,EU,M.Sc. Data Science & Big Data,Data Science,Master's,2020,31,1717417,48377,Python;SQL;Big Data (Spark/Hadoop);Machine Learning;Cloud (AWS/GCP/Azure);Scikit-Learn,91.0,95.5,99.4,28,29,30
P0068,Imperial College London,EU,M.Sc. Data Science & Big Data,Data Science,Master's,2021,32,1717417,48377,Python;SQL;Big Data (Spark/Hadoop);Machine Learning;Cloud (AWS/GCP/Azure);Scikit-Learn,92.3,99.6,100.0,29,31,32
P0068,Imperial College London,EU,M.Sc. Data Science & Big Data,Data Science,Master's,2022,38,1717417,48377,Python;SQL;Big Data (Spark/Hadoop);Machine Learning;Cloud (AWS/GCP/Azure);Scikit-Learn,83.6,87.7,90.7,31,33,34
P0068,Imperial College London,EU,M.Sc. Data Science & Big Data,Data Science,Master's,2023,36,1717417,48377,Python;SQL;Big Data (Spark/Hadoop);Machine Learning;Cloud (AWS/GCP/Azure);Scikit-Learn,91.9,97.4,100.0,33,35,36
P0068,Imperial College London,EU,M.Sc. Data Science & Big Data,Data Science,Master's,2024,40,1717417,48377,Python;SQL;Big Data (Spark/Hadoop);Machine Learning;Cloud (AWS/GCP/Azure);Scikit-Learn;LLMs & GenAI,79.5,84.8,87.5,31,33,35
P0068,Imperial College London,EU,M.Sc. Data Science & Big Data,Data Science,Master's,2025,43,1717417,48377,Python;SQL;Big Data (Spark/Hadoop);Machine Learning;Cloud (AWS/GCP/Azure);Scikit-Learn,90.5,97.6,100.0,38,41,43
